Group,Class,lMass_200,Lum_group,Vdisp,host,n_members_in_PC,n_distinct_hosts,N_host,L_host,f_L_cg_over_host,N_host_PCgroups,class_rederived_ZS21,class_stored
7,Split,12.921674319742966,77796997340.43456,377.7931645478563,,0,0,,,,,Split,Split
25,Embedded,12.830967046991534,61957048198.95252,138.73358378062295,5316.0,4,1,6.0,85291138904.6156,0.7264183477282616,6.0,Predominant,Embedded
26,Split,12.669223393588656,55914847021.60611,224.709146345899,,0,0,,,,,Split,Split
27,Predom,14.067655145847407,81847840785.15062,277.7185452426554,757.0,4,1,17.0,387466160761.12524,0.2112386811389452,17.0,Embedded,Predominant
28,Predom,14.067661014296515,172681946012.08386,111.41340432393416,757.0,4,1,17.0,387466160761.12524,0.4456697474506506,17.0,Embedded,Predominant
33,Embedded,13.24120245146574,130127839490.13235,65.212862961357,6739.0,4,1,5.0,132561769020.86244,0.9816392799469428,5.0,Predominant,Embedded
42,Embedded,13.197135895008143,101318222692.48135,71.43269758845616,3863.0,4,1,7.0,104459805055.37578,0.9699254429851843,7.0,Predominant,Embedded
46,Split,13.19911195063713,68121475069.09307,525.0233986061004,316.0,3,1,28.0,229611196304.1123,0.29668185247756157,28.0,Split,Split
52,Predom,13.825752463831812,115417905126.2303,376.10695801897606,225.0,4,1,33.0,374197958745.5196,0.30844076625421263,33.0,Embedded,Predominant
61,Embedded,12.7924239749764,62618337683.70095,114.38282225559918,4038.0,4,1,7.0,98242555503.08498,0.6373850655964933,7.0,Predominant,Embedded
63,Embedded,14.18681973523859,214222566639.75345,88.3216832592506,389.0,4,1,24.0,352907223364.3715,0.6070223346450798,24.0,Predominant,Embedded
73,Embedded,13.21490640236317,92669932515.58052,238.55179856135848,1288.0,4,1,13.0,105584665277.36778,0.8776836321083119,13.0,Predominant,Embedded
80,Embedded,13.268024226482408,150944901427.27765,139.35060368873476,2045.0,4,1,10.0,169505561120.40176,0.8905011754750615,10.0,Predominant,Embedded
82,Embedded,13.25003767816629,94468468966.53082,175.61675796013438,3033.0,4,1,8.0,115638778106.57742,0.8169272497800419,8.0,Predominant,Embedded
84,Embedded,12.948507061913409,80129948726.12451,157.75382835927795,1493.0,4,1,12.0,105913953230.7076,0.7565570567607939,12.0,Predominant,Embedded
99,Embedded,13.464956548743777,114862424207.06757,173.4668977380962,1675.0,4,1,11.0,175413545550.7417,0.6548093184391022,11.0,Predominant,Embedded
101,Embedded,13.26801583906136,95698010903.33968,225.54969362779747,2044.0,4,1,10.0,131509492264.37477,0.7276889999009126,10.0,Predominant,Embedded
106,Embedded,13.076886053019717,82019641326.37619,36.747987982423375,3099.0,4,1,8.0,88268956811.7799,0.9292014348971017,8.0,Predominant,Embedded
112,Predom,13.88169304667518,148469269357.46234,419.9583578978288,240.0,4,1,32.0,540133809314.69495,0.2748749787498686,32.0,Embedded,Predominant
116,Split,13.325030909742,103009372911.5601,408.55503242486543,1132.0,4,2,14.0,231638364765.6006,0.4446991024815657,14.0,Split,Split
117,Embedded,13.134806937099691,87958563130.61821,364.7625356723772,3080.0,4,1,8.0,100955930578.80075,0.8712570190412192,8.0,Predominant,Embedded
121,Embedded,12.882454078183256,90346388359.00742,73.46766637566752,4018.0,4,1,7.0,100678125298.95018,0.8973785327322688,7.0,Predominant,Embedded
128,Embedded,12.806418860713324,122528236297.14688,187.3350918577178,5335.0,4,1,6.0,147353134917.24142,0.8315278556235871,6.0,Predominant,Embedded
131,Predom,13.857143695571017,151909250845.1165,418.0133653258581,126.0,4,1,45.0,469827605856.25507,0.32332976809283853,45.0,Embedded,Predominant
142,Embedded,12.93754898705778,74340006977.12505,83.267087994249,3999.0,4,1,7.0,96266528973.70111,0.7722310939187791,7.0,Predominant,Embedded
147,Isolated,13.205836637572428,117755732038.35728,65.7534465679738,9952.0,4,1,4.0,117755732038.35728,1.0,4.0,Isolated,Isolated
154,Embedded,13.358770264798062,100115295691.8797,316.2831303017852,879.0,4,1,16.0,166660184965.7337,0.6007151360864263,16.0,Predominant,Embedded
158,Isolated,12.828027320936844,75352720553.75392,32.42121263589201,10996.0,4,1,4.0,75352720553.75394,0.9999999999999998,4.0,Isolated,Isolated
165,Predom,14.041282098256174,162461413860.08884,108.01374748964204,36.0,4,1,84.0,948469474852.216,0.17128797306355323,84.0,Embedded,Predominant
167,Predom,14.041279864235898,122430069141.35928,231.0623728544869,36.0,4,1,84.0,948469474852.216,0.12908171784910158,84.0,Embedded,Predominant
173,Embedded,14.25185222416202,211266207343.07584,135.88160481824826,1824.0,4,1,10.0,298779669412.291,0.7070969981278951,10.0,Predominant,Embedded
175,Isolated,12.75987368447744,72085311810.50452,65.28324227714526,11175.0,4,1,4.0,72085311810.50452,1.0,4.0,Isolated,Isolated
188,Embedded,13.09553957485666,73869400151.22598,229.806244541614,800.0,4,1,17.0,135422055269.05194,0.5454754028394029,17.0,Predominant,Embedded
197,Embedded,12.758988367611904,67655954157.43732,96.70629629831222,5360.0,4,1,6.0,72938712159.3833,0.9275726449570116,6.0,Predominant,Embedded
204,Predom,13.439445872547372,94219098293.45493,230.8925162180898,1117.0,4,1,14.0,260078720452.01648,0.36227146200082133,14.0,Embedded,Predominant
206,Embedded,13.0725552551545,98038136058.1271,340.09815527961393,1741.0,4,1,11.0,190373783817.52924,0.5149770839880735,11.0,Predominant,Embedded
207,Predom,13.69850976457416,137533797072.98215,87.17908109078253,406.0,4,1,24.0,287721241279.2004,0.4780105787862962,24.0,Embedded,Predominant
214,Isolated,12.899004167941657,95922460386.17969,104.38035055154089,10818.0,4,1,4.0,95922460386.1797,0.9999999999999999,4.0,Isolated,Isolated
221,Split,14.508632080327,143580013678.699,438.3497368768582,1.0,3,1,538.0,4414497899807.858,0.032524653298611456,538.0,Split,Split
224,Split,12.652615810397156,88484113079.6191,253.49947610331415,1.0,2,1,538.0,4414497899807.858,0.020043981238154034,538.0,Split,Split
225,Split,14.508632706256696,100811304130.75816,685.898163583056,1.0,3,1,538.0,4414497899807.858,0.022836414563736907,538.0,Split,Split
229,Predom,13.55767201821172,79246010723.47154,167.90318381132158,442.0,4,1,23.0,317993395155.1382,0.24920646758971238,23.0,Embedded,Predominant
231,Embedded,13.227575700323502,95428452339.42604,246.898260881355,3047.0,4,1,8.0,113421514005.22978,0.8413611225029662,8.0,Predominant,Embedded
239,Isolated,12.82115011066182,77687930788.0159,163.05321918207693,11010.0,4,1,4.0,77687930788.0159,1.0,4.0,Isolated,Isolated
248,Split,12.979081311934708,77572780617.33446,260.2473987478186,2535.0,3,1,9.0,81605558053.76105,0.9505820739100904,9.0,Split,Split
259,Predom,13.657213004141097,113383631149.41536,120.98538425149616,1248.0,4,1,13.0,261771487139.0384,0.4331397295733447,13.0,Embedded,Predominant
265,Embedded,12.7837542901207,81651920307.83456,38.97813511821061,3157.0,4,1,8.0,90257379471.21445,0.9046564478849688,8.0,Predominant,Embedded
271,Embedded,13.129881013409385,95971647051.80464,189.38378528984265,5093.0,4,1,6.0,100141132179.39873,0.9583639106443831,6.0,Predominant,Embedded
276,Embedded,13.276878910455771,110933645204.1843,96.72059935101916,1284.0,4,1,13.0,164518832029.13293,0.6742914706842813,13.0,Predominant,Embedded
279,Split,12.877265901466036,76788681701.32579,108.66354375817144,70.0,2,1,61.0,1006452534328.189,0.07629637671147854,61.0,Split,Split
289,Split,12.935547182991373,151297808936.68512,219.08157233376693,,0,0,,,,,Split,Split
291,Split,13.240465831627397,114967024115.12463,412.7070554394159,639.0,3,1,19.0,178450026836.98615,0.6442533304864496,19.0,Split,Split
293,Predom,13.765457241451466,127415499344.07634,306.4772734670471,310.0,4,1,28.0,384647220925.2917,0.33125287903438067,28.0,Embedded,Predominant
303,Isolated,12.901957244917298,90334591400.76791,70.17724844656149,10811.0,4,1,4.0,90334591400.76793,0.9999999999999998,4.0,Isolated,Isolated
304,Split,12.815306151044672,101385417651.9626,499.68307598081566,,0,0,,,,,Split,Split
309,Embedded,13.20667737449903,126638441666.80344,164.51237404092095,3859.0,4,1,7.0,147103661416.9218,0.8608789233864427,7.0,Predominant,Embedded
315,Embedded,12.940377010982612,80853150030.71194,314.54953863969433,5240.0,4,1,6.0,89953604634.65057,0.8988316850569756,6.0,Predominant,Embedded
316,Embedded,13.95857098078218,164847847143.90326,93.85765665159808,1877.0,4,1,10.0,223021927204.6084,0.739155334231624,10.0,Predominant,Embedded
322,Embedded,12.744141153197369,63373357347.206375,106.331320893402,7404.0,4,1,5.0,67278847975.502075,0.9419506911040185,5.0,Predominant,Embedded
323,Embedded,13.415657642069204,113127230202.84122,174.85004040603656,1685.0,4,1,11.0,200666304241.7323,0.5637579793494513,11.0,Predominant,Embedded
324,Split,12.840856907773109,87702311216.98813,554.0242051418475,,0,0,,,,,Split,Split
330,Predom,13.186123362089484,68853505729.34576,118.89191411626952,1289.0,4,1,13.0,185365429450.21597,0.37144739412069233,13.0,Embedded,Predominant
333,Predom,14.352095357684004,272377836440.2279,191.45852988394293,30.0,4,1,93.0,1305431772579.8508,0.2086496147569191,93.0,Embedded,Predominant
337,Predom,13.75568500309813,96511470175.82455,302.02408479186386,348.0,4,1,26.0,425876719927.667,0.22661832793353096,26.0,Embedded,Predominant
341,Predom,14.523137665016364,246418983319.83453,190.34792149633648,76.0,4,1,58.0,1022525736757.6948,0.24099049487125798,58.0,Embedded,Predominant
354,Embedded,13.702572175933838,123640002861.19267,67.74026316036813,1632.0,4,1,11.0,177552891541.53638,0.6963558959121123,11.0,Predominant,Embedded
360,Embedded,12.910001689671134,74681402780.2244,192.05501154968587,2542.0,4,1,9.0,98618804706.0553,0.7572734530987363,9.0,Predominant,Embedded
365,Split,13.78420879107745,146912391079.09985,231.60295180208615,51.0,2,1,71.0,1021386382436.3809,0.1438362539440363,71.0,Split,Split
368,Predom,13.784221316302553,65226979540.27245,147.9159301546626,51.0,4,1,71.0,1021386382436.3809,0.0638612190860448,71.0,Embedded,Predominant
369,Predom,13.320146746268373,111036691610.07748,119.85015443562612,721.0,4,1,18.0,273707224768.6305,0.4056768750037152,18.0,Embedded,Predominant
373,Embedded,13.161521097814704,114336572387.81609,104.92174597508588,3073.0,4,1,8.0,126498097228.24213,0.903860017605776,8.0,Predominant,Embedded
374,Embedded,13.7270501324849,156080912124.5191,386.952851112569,2304.0,4,1,9.0,202016703047.49396,0.7726138966233135,9.0,Predominant,Embedded
386,Embedded,13.112120463410164,87946421782.3012,246.69303772559584,3916.0,4,1,7.0,102174313956.70905,0.8607488357549807,7.0,Predominant,Embedded
390,Split,12.909024025444715,84379593709.00938,340.8191382165289,,0,0,,,,,Split,Split
391,Split,13.232322110766855,103760679305.08626,354.48860591273956,2050.0,3,1,10.0,163763064192.3714,0.6336024537449987,10.0,Split,Split
393,Predom,14.08656599915195,208228265942.19736,197.9919631324931,369.0,4,1,25.0,448658082594.1411,0.4641134842332974,25.0,Embedded,Predominant
394,Embedded,12.976974607634192,118076779429.65164,256.9512089223681,5219.0,4,1,6.0,139268426916.4163,0.8478359528001054,6.0,Predominant,Embedded
405,Embedded,12.883371920472786,81745148032.1259,139.6605782993902,3141.0,4,1,8.0,94032451244.57767,0.869329119364414,8.0,Predominant,Embedded
