objid,lim_group,physical_group,kept_label,control_definitions,physically_RG4
1237658491204665406,2065,Lim:2065,Control4B,Control4B+Control4C,False
1237654879667552297,4007,Lim:4007,Control4B,Control4B+Control4C,False
1237667324328738825,2538,Lim:2538,Control4B,Control4B+Control4C,False
1237665428645740684,61,Lim:61,Control4B,Control4B+Control4C,False
1237655370904764519,1664,Lim:1664,Control4B,Control4B+Control4C,False
1237659324943237142,5161,Lim:5161,Control4B,Control4B+Control4C,False
1237662225140088842,2009,Lim:2009,Control4B,Control4B+Control4C,False
1237655743484330087,7021,Lim:7021,Control4B,Control4B+Control4C,False
1237667254552690706,1093,Lim:1093,Control4B,Control4B+Control4C,False
1237667730195939406,5341,Lim:5341,Control4B,Control4B+Control4C,False
1237665567686525012,5383,Lim:5383,Control4B,Control4B+Control4C,False
1237653665796390983,5344,Lim:5344,Control4B,Control4B+Control4C,False
1237661388148244492,5055,Lim:5055,Control4B,Control4B+Control4C,False
1237655124465483920,4779,Lim:4779,Control4B,Control4B+Control4C,False
1237654605863452834,4797,Lim:4797,Control4B,Control4B+Control4C,False
1237667550347460633,802,Lim:802,Control4B,Control4B+Control4C,False
1237664853641461771,11021,Lim:11021,RG4,Control4B+Control4C+RG4,True
1237663915730272527,1758,Lim:1758,Control4B,Control4B+Control4C,False
1237655473968840814,5328,Lim:5328,Control4B,Control4B+Control4C,False
1237654383585394819,1616,Lim:1616,Control4B,Control4B+Control4C,False
1237657591386079240,4016,Lim:4016,Control4B,Control4B+Control4C,False
1237665226233479173,5309,Lim:5309,Control4B,Control4B+Control4C,False
1237651272961490958,11252,Lim:11252,RG4,Control4B+Control4C+RG4,True
1237665128006615097,3046,Lim:3046,Control4B,Control4B+Control4C,False
1237662306189770849,10955,Lim:10955,RG4,Control4B+Control4C+RG4,True
1237659327099896118,7219,Lim:7219,Control4B,Control4B+Control4C,False
1237659326026547328,1619,Lim:1619,Control4B,Control4B+Control4C,False
1237664292076519438,5170,Lim:5170,Control4B,Control4B+Control4C,False
1237654953207332988,7436,Lim:7436,Control4B,Control4B+Control4C,False
1237661416603910214,2548,Lim:2548,Control4B,Control4B+Control4C,False
1237654610141249556,11071,Lim:11071,RG4,Control4B+Control4C+RG4,True
1237658491211808865,4026,Lim:4026,Control4B,Control4B+Control4C,False
1237671936578093073,6978,Lim:6978,Control4B,Control4B+Control4C,False
1237665565541924998,10693,Lim:10693,RG4,Control4B+Control4C+RG4,True
1237667209986113541,3623,Lim:3623,Control4B,Control4B+Control4C,False
1237651538179850261,2252,Lim:2252,Control4B,Control4B+Control4C,False
1237667914343186500,5307,Lim:5307,Control4B,Control4B+Control4C,False
1237661970116378721,7009,Lim:7009,Control4B,Control4B+Control4C,False
1237661949178740758,5151,Lim:5151,Control4B,Control4B+Control4C,False
1237667254546595932,7340,Lim:7340,Control4B,Control4B+Control4C,False
1237661386003382291,125,Lim:125,Control4B,Control4B+Control4C,False
1237667910587056147,624,Lim:624,Control4B,Control4B+Control4C,False
1237668310555033613,705,Lim:705,Control4B,Control4B+Control4C,False
1237662306190229574,1485,Lim:1485,Control4B,Control4B+Control4C,False
1237665549439795241,2093,Lim:2093,Control4B,Control4B+Control4C,False
1237657606426722319,1490,Lim:1490,Control4B,Control4B+Control4C,False
1237665355084005428,9774,Lim:9774,RG4,Control4B+Control4C+RG4,True
1237667211585650917,2550,Lim:2550,Control4B,Control4B+Control4C,False
1237658297923797032,11265,Lim:11265,RG4,Control4B+Control4C+RG4,True
1237667736107679789,5222,Lim:5222,Control4B,Control4B+Control4C,False
1237665129087565860,1498,Lim:1498,Control4B,Control4B+Control4C,False
1237668496314662949,10806,Lim:10806,RG4,Control4B+Control4C+RG4,True
1237668292832854092,7336,Lim:7336,Control4B,Control4B+Control4C,False
1237667912217133187,5323,Lim:5323,Control4B,Control4B+Control4C,False
1237662305650999364,798,Lim:798,Control4B,Control4B+Control4C,False
1237665128011464753,1278,Lim:1278,Control4B,Control4B+Control4C,False
1237662198823911469,7367,Lim:7367,Control4B,Control4B+Control4C,False
1237665549974306948,481,Lim:481,Control4C,Control4C,False
1237665101680672774,483,Lim:483,Control4C,Control4C,False
1237667782270583070,1499,Lim:1499,Control4B,Control4B+Control4C,False
1237662307274653752,1110,Lim:1110,Control4C,Control4C,False
1237661949737435262,100,Lim:100,Control4B,Control4B+Control4C,False
1237668367461384250,3917,Lim:3917,Control4B,Control4B+Control4C,False
1237668272980558058,7372,Lim:7372,Control4B,Control4B+Control4C,False
1237651755091492927,7184,Lim:7184,Control4B,Control4B,False
1237661813884846230,3901,Lim:3901,Control4B,Control4B,False
1237651752929853497,229,Lim:229,Control4C,Control4C,False
1237667783916912820,4032,Lim:4032,Control4B,Control4B+Control4C,False
1237661382771409041,1006,Lim:1006,Control4B,Control4B,False
1237658205048995851,3075,Lim:3075,Control4B,Control4B,False
1237654601571041343,726,Lim:726,Control4B,Control4B+Control4C,False
1237665531723710531,7059,Lim:7059,Control4B,Control4B+Control4C,False
1237664671645171895,273,Lim:273,Control4C,Control4C,False
1237661210974945290,2995,Lim:2995,Control4B,Control4B,False
1237667781222596633,5303,Lim:5303,Control4B,Control4B+Control4C,False
1237667444048723989,1,Lim:1,Control4C,Control4C,False
1237664870822772925,10757,Lim:10757,RG4,Control4B+Control4C+RG4,True
1237662199895556320,2959,Lim:2959,Control4B,Control4B+Control4C,False
1237654031400566817,5334,Lim:5334,Control4B,Control4B+Control4C,False
1237655109454266372,3133,Lim:3133,Control4B,Control4B,False
1237662264319279213,727,Lim:727,Control4B,Control4B+Control4C,False
1237667916489490658,7010,Lim:7010,Control4B,Control4B,False
1237662696504164651,4690,Lim:4690,Control4B,Control4B+Control4C,False
1237667322176471252,2078,Lim:2078,Control4B,Control4B,False
1237674479735013541,10908,Lim:10908,RG4,Control4B+Control4C+RG4,True
1237665128012251184,3857,Lim:3857,Control4C,Control4C,False
1237658313478045858,10458,Lim:10458,RG4,Control4B+Control4C+RG4,True
1237661357547454497,5191,Lim:5191,Control4B,Control4B+Control4C,False
1237667430099976293,46,Lim:46,Control4B,Control4B,False
1237663917339771108,716,Lim:716,Control4C,Control4C,False
1237667112259092550,2052,Lim:2052,Control4B,Control4B,False
1237668293375951070,2041,Lim:2041,Control4B,Control4B+Control4C,False
1237655348358021297,1739,Lim:1739,Control4B,Control4B+Control4C,False
1237661950802591974,3030,Lim:3030,Control4B,Control4B,False
1237651821097779258,587,Lim:587,Control4B,Control4B+Control4C,False
1237657608573812810,1143,Lim:1143,Control4B,Control4B,False
1237654601026175068,3959,Lim:3959,Control4B,Control4B+Control4C,False
1237667211059331171,788,Lim:788,Control4B,Control4B,False
1237654601570451465,4051,Lim:4051,Control4B,Control4B+Control4C,False
1237659327099896083,7219,Lim:7219,Control4B,Control4B+Control4C,False
1237662225671520364,3067,Lim:3067,Control4B,Control4B+Control4C,False
1237665225702572098,482,Lim:482,Control4B,Control4B,False
1237651496830501270,718,Lim:718,Control4B,Control4B+Control4C,False
1237662266463617118,291,Lim:291,Control4B,Control4B,False
1237667550342086930,844,Lim:844,Control4C,Control4C,False
1237665023838060759,526,Lim:526,Control4C,Control4C,False
1237661386530881736,7183,Lim:7183,Control4B,Control4B+Control4C,False
1237667735033741365,841,Lim:841,Control4B,Control4B+Control4C,False
1237664294761594986,2497,Lim:2497,Control4B,Control4B+Control4C,False
1237657242433028261,2057,Lim:2057,Control4C,Control4C,False
1237665128011989012,3849,Lim:3849,Control4B,Control4B+Control4C,False
1237655109442469957,10964,Lim:10964,RG4,Control4B+Control4C+RG4,True
1237660635995308051,1949,Lim:1949,Control4B,Control4B,False
1237661849862340734,1301,Lim:1301,Control4B,Control4B+Control4C,False
1237665567154831489,1722,Lim:1722,Control4B,Control4B,False
1237660961866776723,7264,Lim:7264,Control4B,Control4B+Control4C,False
1237664818753896585,7240,Lim:7240,Control4B,Control4B+Control4C,False
1237664671645171915,273,Lim:273,Control4C,Control4C,False
1237661388684067032,348,Lim:348,Control4C,Control4C,False
1237667430105022513,1740,Lim:1740,Control4B,Control4B+Control4C,False
1237655744019234975,555,Lim:555,Control4B,Control4B+Control4C,False
1237654875361378383,2457,Lim:2457,Control4B,Control4B+Control4C,False
1237667253462892711,3730,Lim:3730,Control4B,Control4B+Control4C,False
1237665127475708179,5050,Lim:5050,Control4B,Control4B,False
1237667324334571728,1,Lim:1,Control4C,Control4C,False
1237665532260581838,1759,Lim:1759,Control4B,Control4B,False
1237655348355793107,410,Lim:410,Control4C,Control4C,False
1237655691404902574,5374,Lim:5374,Control4B,Control4B+Control4C,False
1237651755098833051,587,Lim:587,Control4C,Control4C,False
1237657629512892647,10163,Lim:10163,RG4,Control4B+Control4C+RG4,True
1237667783386398985,4855,Lim:4855,Control4B,Control4B+Control4C,False
1237661210975010820,2995,Lim:2995,Control4B,Control4B+Control4C,False
1237665372258828656,1492,Lim:1492,Control4C,Control4C,False
1237667323793965152,7007,Lim:7007,Control4B,Control4B+Control4C,False
1237654879667552429,4007,Lim:4007,Control4B,Control4B,False
1237662238014439648,293,Lim:293,Control4C,Control4C,False
1237671128591761530,4850,Lim:4850,Control4B,Control4B+Control4C,False
1237667323787215123,581,Lim:581,Control4C,Control4C,False
1237668331491819554,292,Lim:292,Control4C,Control4C,False
1237661065489612923,790,Lim:790,Control4B,Control4B+Control4C,False
1237657591393157322,3103,Lim:3103,Control4B,Control4B+Control4C,False
1237662696504230022,4690,Lim:4690,Control4B,Control4B+Control4C,False
1237661958300238036,2080,Lim:2080,Control4B,Control4B+Control4C,False
1237657611263475859,1939,Lim:1939,Control4B,Control4B+Control4C,False
1237662268077900134,4977,Lim:4977,Control4B,Control4B+Control4C,False
1237665566619337116,4036,Lim:4036,Control4B,Control4B+Control4C,False
1237661388148244663,5055,Lim:5055,Control4B,Control4B+Control4C,False
1237651736314839047,1122,Lim:1122,Control4B,Control4B+Control4C,False
1237667783916847168,4032,Lim:4032,Control4B,Control4B+Control4C,False
1237661959910195401,5098,Lim:5098,Control4B,Control4B+Control4C,False
1237667444586971212,3000,Lim:3000,Control4B,Control4B+Control4C,False
1237662238014308394,293,Lim:293,Control4B,Control4B+Control4C,False
1237665567686525218,5383,Lim:5383,Control4B,Control4B+Control4C,False
1237665427567673643,202,Lim:202,Control4C,Control4C,False
1237661966358741190,5265,Lim:5265,Control4C,Control4C,False
1237667733966487717,3739,Lim:3739,Control4C,Control4C,False
1237648722307842148,1300,Lim:1300,Control4B,Control4B+Control4C,False
1237662193992007840,5265,Lim:5265,Control4B,Control4B,False
1237667550342217757,7220,Lim:7220,Control4B,Control4B+Control4C,False
1237655743485575567,50,Lim:50,Control4C,Control4C,False
1237662300841378074,7162,Lim:7162,Control4B,Control4B+Control4C,False
1237654604776472790,2084,Lim:2084,Control4C,Control4C,False
1237654601570386085,4051,Lim:4051,Control4B,Control4B+Control4C,False
1237667536398975190,1953,Lim:1953,Control4C,Control4C,False
1237661068181766366,1264,Lim:1264,Control4C,Control4C,False
1237658491734982745,804,Lim:804,Control4B,Control4B+Control4C,False
1237661849862406185,1301,Lim:1301,Control4B,Control4B,False
1237665532785066003,1090,Lim:1090,Control4B,Control4B+Control4C,False
1237667538550456390,2513,Lim:2513,Control4C,Control4C,False
1237661064952479995,3131,Lim:3131,Control4B,Control4B,False
1237660634386137189,886,Lim:886,Control4B,Control4B,False
1237662306189836510,10955,Lim:10955,RG4,Control4B+Control4C+RG4,True
1237655465930457311,3664,Lim:3664,Control4B,Control4B,False
1237667254009200743,27,Lim:27,Control4C,Control4C,False
1237648673987232019,4000,Lim:4000,Control4C,Control4C,False
1237663918414758364,722,Lim:722,Control4C,Control4C,False
1237659324943237240,5161,Lim:5161,Control4B,Control4B+Control4C,False
1237660343934976007,2068,Lim:2068,Control4C,Control4C,False
1237662224596926532,1436,Lim:1436,Control4C,Control4C,False
1237662307274457227,1110,Lim:1110,Control4B,Control4B,False
1237667429555437726,2503,Lim:2503,Control4B,Control4B+Control4C,False
1237651715870359850,3772,Lim:3772,Control4B,Control4B+Control4C,False
1237662636367478822,521,Lim:521,Control4B,Control4B,False
1237665023838060740,526,Lim:526,Control4C,Control4C,False
1237662195056640151,1451,Lim:1451,Control4B,Control4B+Control4C,False
1237651190815719626,1977,Lim:1977,Control4B,Control4B+Control4C,False
1237665548901286143,985,Lim:985,Control4C,Control4C,False
1237667112793800968,3125,Lim:3125,Control4C,Control4C,False
1237667446192537823,640,Lim:640,Control4B,Control4B,False
1237663547434991794,6449,Lim:6449,Control4B,Control4B+Control4C,False
1237655743485051204,2524,Lim:2524,Control4C,Control4C,False
1237668349760372834,10485,Lim:10485,RG4,Control4B+Control4C+RG4,True
1237665535465619750,6,Lim:6,Control4C,Control4C,False
1237667254552690986,1093,Lim:1093,Control4C,Control4C,False
1237668367461449908,3917,Lim:3917,Control4C,Control4C,False
1237655742946672960,7185,Lim:7185,Control4B,Control4B+Control4C,False
1237664814988263512,725,Lim:725,Control4B,Control4B+Control4C,False
1237658203961884821,3997,Lim:3997,Control4B,Control4B+Control4C,False
1237662665889546613,2504,Lim:2504,Control4C,Control4C,False
1237668496314663169,10806,Lim:10806,RG4,Control4B+Control4C+RG4,True
1237667211056447529,2485,Lim:2485,Control4B,Control4B+Control4C,False
1237655501889929661,3053,Lim:3053,Control4B,Control4B,False
1237665566619337214,4036,Lim:4036,Control4B,Control4B,False
1237662528988053660,3873,Lim:3873,Control4C,Control4C,False
1237648722284052811,5210,Lim:5210,Control4C,Control4C,False
1237655369826697452,1996,Lim:1996,Control4B,Control4B+Control4C,False
1237668289621197071,10427,Lim:10427,RG4,Control4B+Control4C+RG4,True
1237655124465549363,883,Lim:883,Control4C,Control4C,False
1237659326567678032,1744,Lim:1744,Control4C,Control4C,False
1237667783386464368,4855,Lim:4855,Control4B,Control4B+Control4C,False
1237662528986808444,95,Lim:95,Control4B,Control4B,False
1237655742409736462,803,Lim:803,Control4C,Control4C,False
1237662238021714380,626,Lim:626,Control4C,Control4C,False
1237662193992007785,5265,Lim:5265,Control4C,Control4C,False
1237664853105377484,3977,Lim:3977,Control4B,Control4B+Control4C,False
1237667429568086121,2078,Lim:2078,Control4C,Control4C,False
1237657400806277191,2088,Lim:2088,Control4C,Control4C,False
1237667782322028954,3026,Lim:3026,Control4B,Control4B,False
1237657606426787999,1490,Lim:1490,Control4B,Control4B+Control4C,False
1237661386013147569,1443,Lim:1443,Control4C,Control4C,False
1237655463784284387,7219,Lim:7219,Control4B,Control4B+Control4C,False
1237662199895687423,2959,Lim:2959,Control4B,Control4B+Control4C,False
1237668336860201261,4816,Lim:4816,Control4C,Control4C,False
1237662267538276481,7021,Lim:7021,Control4B,Control4B+Control4C,False
1237662662133416006,5337,Lim:5337,Control4B,Control4B+Control4C,False
1237658205595107580,1484,Lim:1484,Control4C,Control4C,False
1237664668973990023,629,Lim:629,Control4C,Control4C,False
1237662696499183909,2417,Lim:2417,Control4B,Control4B,False
1237661974404268187,7009,Lim:7009,Control4C,Control4C,False
1237654605329072383,9394,Lim:9394,RG4,Control4B+Control4C+RG4,True
1237665128538701950,131,Lim:131,Control4B,Control4B,False
1237661949719478403,1701,Lim:1701,Control4C,Control4C,False
1237665025446903972,3995,Lim:3995,Control4C,Control4C,False
1237662336261226927,4047,Lim:4047,Control4B,Control4B+Control4C,False
