calibration,control,degree,adjusted,n_CG4,n_control,groups_CG4,groups_control,beta,se,ci68_lo,ci68_hi,ci95_lo,ci95_hi,estimate
oh_N2_PP04,Control4C,1,mass only,52,651,34,432,0.0015518615630140324,0.006599575552173049,-0.004627936609510035,0.0082769635866006,-0.010698138148654095,0.014342088818174108,"+0.002 [-0.011, +0.014]"
oh_N2_PP04,Control4C,1,mass + log SFR,52,651,34,432,0.003667835465621631,0.006204340044482856,-0.002708920302716915,0.009835603336593038,-0.008215435324031883,0.015051540401561219,"+0.004 [-0.008, +0.015]"
oh_N2_PP04,Control4C,1,mass + D4000n,52,651,34,432,0.003569913909297435,0.00591253955228601,-0.001978843447613492,0.00942361551724204,-0.007122888703109816,0.015358050883624524,"+0.004 [-0.007, +0.015]"
oh_N2_PP04,Control4C,2,mass only,52,651,34,432,0.0006498241062842065,0.0054467404779709044,-0.004890906306298176,0.005893321035586953,-0.00977612478076534,0.011069964750717452,"+0.001 [-0.010, +0.011]"
oh_N2_PP04,Control4C,2,mass + log SFR,52,651,34,432,0.0024854323883719293,0.005214358893344866,-0.0029130443317521046,0.007805142413598697,-0.007679509538946715,0.012521559765664584,"+0.002 [-0.008, +0.013]"
oh_N2_PP04,Control4C,2,mass + D4000n,52,651,34,432,0.0026612730855772493,0.004933497583141315,-0.0023699647674192835,0.007529284371195595,-0.006604884381971435,0.012300804606464141,"+0.003 [-0.007, +0.012]"
oh_N2_PP04,Control4C,2,morph=Spiral,42,533,32,375,0.0024025510766069835,0.0063651141530461815,-0.004114306334201752,0.009106770413587015,-0.009979601189404379,0.014964835052338784,"+0.002 [-0.010, +0.015]"
oh_N2_PP04,Control4C,2,morph=Elliptical,8,73,8,69,0.0029517924278696485,0.009258611563954796,-0.007998819239650094,0.011786728617007195,-0.0160223660437329,0.022164036486363357,"+0.003 [-0.016, +0.022]"
oh_N2_PP04,RG4,1,mass only,52,70,34,44,0.007069191881323318,0.008231844898816915,-0.0007571161481483051,0.015044292907607374,-0.008627466452594991,0.022865682731390707,"+0.007 [-0.009, +0.023]"
oh_N2_PP04,RG4,1,mass + log SFR,52,70,34,44,0.008987024042894599,0.007529679707319099,0.001206144617103595,0.01684050794613269,-0.00537480451256608,0.023898066285460946,"+0.009 [-0.005, +0.024]"
oh_N2_PP04,RG4,1,mass + D4000n,52,70,34,44,0.009589254661233806,0.007364679987671515,0.002506448987389571,0.016505482491130177,-0.00404472327387755,0.02370925609287634,"+0.010 [-0.004, +0.024]"
oh_N2_PP04,RG4,2,mass only,52,70,34,44,0.006076246995352975,0.007219878817790447,-0.0011900658242259305,0.01315929025672937,-0.007749173237010892,0.020086938338627826,"+0.006 [-0.008, +0.020]"
oh_N2_PP04,RG4,2,mass + log SFR,52,70,34,44,0.0076912104907500105,0.006762463163633772,0.0010666527618858395,0.01463590874733915,-0.005394345937579495,0.02063543005298118,"+0.008 [-0.005, +0.021]"
oh_N2_PP04,RG4,2,mass + D4000n,52,70,34,44,0.008695833569739533,0.006469592403352574,0.0028795255634913534,0.015447516560003052,-0.0029572388723096556,0.021997763780117748,"+0.009 [-0.003, +0.022]"
oh_N2_PP04,RG4,2,morph=Spiral,42,56,32,39,0.009715203123960466,0.008364465979100707,0.0017937909631616311,0.018525512725133392,-0.006496743051829552,0.026393825514389794,"+0.010 [-0.006, +0.026]"
oh_N2_PP04,Control4B,1,mass only,52,570,34,398,0.0037668381108496895,0.006750757049991404,-0.0033512728161486562,0.010527801899446704,-0.010000411346543087,0.017186901146648892,"+0.004 [-0.010, +0.017]"
oh_N2_PP04,Control4B,1,mass + log SFR,52,570,34,398,0.003335608611898454,0.006400312127968843,-0.002991268141204597,0.009550416702362764,-0.009509226798782924,0.015579806479276074,"+0.003 [-0.010, +0.016]"
oh_N2_PP04,Control4B,1,mass + D4000n,52,569,34,398,0.0038483345930311473,0.006038328322534862,-0.001958150289594549,0.009553902051894617,-0.008153803912985152,0.015311464872000915,"+0.004 [-0.008, +0.015]"
oh_N2_PP04,Control4B,2,mass only,52,570,34,398,0.0025864430566951663,0.005589222585817726,-0.0030238694442496715,0.008025343583385249,-0.007591231858459741,0.013394390593549398,"+0.003 [-0.008, +0.013]"
oh_N2_PP04,Control4B,2,mass + log SFR,52,570,34,398,0.00224208671760371,0.005335560320237955,-0.0028886665673211304,0.007440654659798297,-0.008008071408035307,0.012914345111590168,"+0.002 [-0.008, +0.013]"
oh_N2_PP04,Control4B,2,mass + D4000n,52,569,34,398,0.0026626786607523607,0.005082475683421431,-0.002228330381058356,0.007375856684037938,-0.006690336860432221,0.012565981127808093,"+0.003 [-0.007, +0.013]"
oh_N2_PP04,Control4B,2,morph=Spiral,42,475,32,351,0.004633227231491725,0.006566187861300176,-0.001924209369322454,0.011359139023862553,-0.00824764449165182,0.018329951921137795,"+0.005 [-0.008, +0.018]"
oh_N2_PP04,Control4B,2,morph=Elliptical,8,55,8,54,-0.0013104211837410393,0.009673714104661337,-0.010969133611486185,0.008604589267428814,-0.019329816453356925,0.01892535429082291,"-0.001 [-0.019, +0.019]"
oh_O3N2_PP04,Control4C,1,mass only,55,747,35,467,0.021725510783466656,0.013010804490245057,0.008847776050243306,0.0354643235275851,-0.0034785814340839018,0.048555586718006194,"+0.022 [-0.003, +0.049]"
oh_O3N2_PP04,Control4C,1,mass + log SFR,55,747,35,467,0.022113110487979384,0.01299343360525542,0.009477190827131696,0.03617344364111677,-0.0030323768318825522,0.04898664858545317,"+0.022 [-0.003, +0.049]"
oh_O3N2_PP04,Control4C,1,mass + D4000n,55,747,35,467,0.021585015920539404,0.01306297042848192,0.008493049087202418,0.03412020308629418,-0.0033974016013900046,0.04842332549970232,"+0.022 [-0.003, +0.048]"
oh_O3N2_PP04,Control4C,2,mass only,55,747,35,467,0.018857298008450367,0.011333400561934416,0.00833243168517579,0.030722110894828257,-0.002089902347254707,0.04066201956041241,"+0.019 [-0.002, +0.041]"
oh_O3N2_PP04,Control4C,2,mass + log SFR,55,747,35,467,0.018939409035704544,0.011336758471750879,0.007561798452412749,0.03030412956552266,-0.0022658662342410637,0.04121443106209033,"+0.019 [-0.002, +0.041]"
oh_O3N2_PP04,Control4C,2,mass + D4000n,55,747,35,467,0.018749722488938317,0.011386956105141698,0.008018587194255711,0.030086067038256465,-0.0032531822755027524,0.04213108689304415,"+0.019 [-0.003, +0.042]"
oh_O3N2_PP04,Control4C,2,morph=Spiral,42,610,32,415,0.011891635071377417,0.012711214637328782,-0.00026749649628061213,0.02483092109602486,-0.012963795840801455,0.03755726290269275,"+0.012 [-0.013, +0.038]"
oh_O3N2_PP04,Control4C,2,morph=Elliptical,10,87,9,83,0.08025331574887327,0.02848388023030476,0.05057192290728369,0.10993630018303302,0.02574796052112678,0.14091180009245063,"+0.080 [+0.026, +0.141]"
oh_O3N2_PP04,RG4,1,mass only,55,80,35,46,0.04795565128285187,0.015272921550353813,0.03379030739963997,0.0642316378834637,0.01896498626261361,0.07924678752577113,"+0.048 [+0.019, +0.079]"
oh_O3N2_PP04,RG4,1,mass + log SFR,55,80,35,46,0.048034238904935495,0.015365664380482135,0.03427642982739366,0.06502436531323526,0.019845890272348975,0.08053705839637654,"+0.048 [+0.020, +0.081]"
oh_O3N2_PP04,RG4,1,mass + D4000n,55,80,35,46,0.04636198209282142,0.015643410423258418,0.03274562211809512,0.06315367783098103,0.01714311763265278,0.07851823912083691,"+0.046 [+0.017, +0.079]"
oh_O3N2_PP04,RG4,2,mass only,55,80,35,46,0.04436090836066236,0.013693318911827458,0.031519260235580965,0.05840971911501216,0.017549735129133822,0.07132170426212078,"+0.044 [+0.018, +0.071]"
oh_O3N2_PP04,RG4,2,mass + log SFR,55,80,35,46,0.044130895651872414,0.013726552659701007,0.0318775542754491,0.05921218949810136,0.019400081021195874,0.07198444176862062,"+0.044 [+0.019, +0.072]"
oh_O3N2_PP04,RG4,2,mass + D4000n,55,80,35,46,0.04310835962377192,0.01403798339534711,0.031472652441312976,0.058256528637071835,0.017631912580375286,0.07171874937342869,"+0.043 [+0.018, +0.072]"
oh_O3N2_PP04,RG4,2,morph=Spiral,42,64,32,44,0.0324890199464732,0.015788161735619834,0.01754519446567755,0.049392312699400406,0.0016650605336441977,0.06451047802824675,"+0.032 [+0.002, +0.065]"
oh_O3N2_PP04,Control4B,1,mass only,55,693,35,447,0.02474070208532449,0.013214197143766501,0.011215743447181006,0.038130704781760505,-0.0010657022210312879,0.051257832185016824,"+0.025 [-0.001, +0.051]"
oh_O3N2_PP04,Control4B,1,mass + log SFR,55,693,35,447,0.024806079771033523,0.013487932423862535,0.01129605942270134,0.0382720218701931,-0.0020000283951732306,0.052318422562863676,"+0.025 [-0.002, +0.052]"
oh_O3N2_PP04,Control4B,1,mass + D4000n,55,692,35,447,0.024500757896422552,0.013367471708821823,0.011620743902861271,0.03817037402882336,-0.0011916020751830691,0.05158344962967961,"+0.025 [-0.001, +0.052]"
oh_O3N2_PP04,Control4B,2,mass only,55,693,35,447,0.02305112490204488,0.011653850035045663,0.011627857139794471,0.034553098148013814,0.0006588848362781468,0.046615694032693,"+0.023 [+0.001, +0.047]"
oh_O3N2_PP04,Control4B,2,mass + log SFR,55,693,35,447,0.023116548578352387,0.011967937368690876,0.012082946421537072,0.0354008659934531,-0.0011837981183273002,0.047737228476784216,"+0.023 [-0.001, +0.048]"
oh_O3N2_PP04,Control4B,2,mass + D4000n,55,692,35,447,0.022757643998783963,0.011800992091479891,0.011901558558620807,0.03443130579069998,0.0005771428208456422,0.04496073861740546,"+0.023 [+0.001, +0.045]"
oh_O3N2_PP04,Control4B,2,morph=Spiral,42,580,32,406,0.01422312716659018,0.013011452400036923,0.0011034741354373897,0.027810078377785503,-0.010606277773438026,0.03994021395984197,"+0.014 [-0.011, +0.040]"
oh_O3N2_PP04,Control4B,2,morph=Elliptical,10,70,9,69,0.09071629741518875,0.03507746118242942,0.058770007180400846,0.12799217406902033,0.03168624631162984,0.17223951617947164,"+0.091 [+0.032, +0.172]"
