group_uid,sample,Group,Delta_m12,Delta_m12_source,f_L_BGG_raw,f_L_BGG_source,class_label,n_members,f_L_BGG
CG4:101,CG4,101,0.8820799999999984,rank_1_2_M_r,0.5813652766608354,Lum_BGG/Lum_group,Embedded,4,0.5813652766608354
CG4:106,CG4,106,1.1431289999999983,rank_1_2_M_r,0.641496858955093,Lum_BGG/Lum_group,Embedded,4,0.641496858955093
CG4:112,CG4,112,1.3168970000000009,rank_1_2_M_r,0.652720764366745,Lum_BGG/Lum_group,Predominant,4,0.652720764366745
CG4:117,CG4,117,1.855278000000002,rank_1_2_M_r,0.6811793499348981,Lum_BGG/Lum_group,Embedded,4,0.6811793499348981
CG4:121,CG4,121,0.810808999999999,rank_1_2_M_r,0.5185220195846221,Lum_BGG/Lum_group,Embedded,4,0.5185220195846221
CG4:128,CG4,128,0.284870999999999,rank_1_2_M_r,0.32758666731837677,Lum_BGG/Lum_group,Embedded,4,0.32758666731837677
CG4:131,CG4,131,1.829623999999999,rank_1_2_M_r,0.6979877136720424,Lum_BGG/Lum_group,Predominant,4,0.6979877136720424
CG4:142,CG4,142,1.4794819999999973,rank_1_2_M_r,0.649439354749183,Lum_BGG/Lum_group,Embedded,4,0.649439354749183
CG4:147,CG4,147,0.5606189999999991,rank_1_2_M_r,0.5191254772439091,Lum_BGG/Lum_group,Isolated,4,0.5191254772439091
CG4:154,CG4,154,1.4621929999999992,rank_1_2_M_r,0.662136556048469,Lum_BGG/Lum_group,Embedded,4,0.662136556048469
CG4:158,CG4,158,1.5338829999999994,rank_1_2_M_r,0.6531748635053343,Lum_BGG/Lum_group,Isolated,4,0.6531748635053343
CG4:165,CG4,165,1.803910000000002,rank_1_2_M_r,0.6839453032443585,Lum_BGG/Lum_group,Predominant,4,0.6839453032443585
CG4:167,CG4,167,1.0003899999999994,rank_1_2_M_r,0.5647542466185568,Lum_BGG/Lum_group,Predominant,4,0.5647542466185568
CG4:173,CG4,173,1.7465600000000023,rank_1_2_M_r,0.7295656266265991,Lum_BGG/Lum_group,Embedded,4,0.7295656266265991
CG4:175,CG4,175,0.6793559999999985,rank_1_2_M_r,0.559824651777152,Lum_BGG/Lum_group,Isolated,4,0.559824651777152
CG4:188,CG4,188,2.0068639999999967,rank_1_2_M_r,0.7317464557897889,Lum_BGG/Lum_group,Embedded,4,0.7317464557897889
CG4:197,CG4,197,1.0150500000000022,rank_1_2_M_r,0.6215761994351039,Lum_BGG/Lum_group,Embedded,4,0.6215761994351039
CG4:204,CG4,204,1.817740999999998,rank_1_2_M_r,0.6868657424667736,Lum_BGG/Lum_group,Predominant,4,0.6868657424667736
CG4:206,CG4,206,0.237248000000001,rank_1_2_M_r,0.42962204135083215,Lum_BGG/Lum_group,Embedded,4,0.42962204135083215
CG4:207,CG4,207,0.9817070000000001,rank_1_2_M_r,0.6335699442821034,Lum_BGG/Lum_group,Predominant,4,0.6335699442821034
CG4:214,CG4,214,0.07434200000000146,rank_1_2_M_r,0.4426390144390011,Lum_BGG/Lum_group,Isolated,4,0.4426390144390011
CG4:229,CG4,229,1.0463449999999987,rank_1_2_M_r,0.5685106320846974,Lum_BGG/Lum_group,Predominant,4,0.5685106320846974
CG4:231,CG4,231,1.861571999999999,rank_1_2_M_r,0.7139860384665615,Lum_BGG/Lum_group,Embedded,4,0.7139860384665615
CG4:239,CG4,239,0.8875910000000005,rank_1_2_M_r,0.5180991094615632,Lum_BGG/Lum_group,Isolated,4,0.5180991094615632
CG4:25,CG4,25,1.0932920000000017,rank_1_2_M_r,0.6445040954405938,Lum_BGG/Lum_group,Embedded,4,0.6445040954405938
CG4:259,CG4,259,2.4409259999999975,rank_1_2_M_r,0.7626358885504375,Lum_BGG/Lum_group,Predominant,4,0.7626358885504375
CG4:265,CG4,265,0.41379599999999783,rank_1_2_M_r,0.48621594494319015,Lum_BGG/Lum_group,Embedded,4,0.48621594494319015
CG4:27,CG4,27,0.3591300000000004,rank_1_2_M_r,0.5162446609267654,Lum_BGG/Lum_group,Predominant,4,0.5162446609267654
CG4:271,CG4,271,1.4842629999999986,rank_1_2_M_r,0.6390974016082412,Lum_BGG/Lum_group,Embedded,4,0.6390974016082412
CG4:276,CG4,276,1.237648,rank_1_2_M_r,0.5676830356111877,Lum_BGG/Lum_group,Embedded,4,0.5676830356111877
CG4:28,CG4,28,1.6806279999999987,rank_1_2_M_r,0.7230032770722377,Lum_BGG/Lum_group,Predominant,4,0.7230032770722377
CG4:293,CG4,293,2.0356770000000033,rank_1_2_M_r,0.7711451640672452,Lum_BGG/Lum_group,Predominant,4,0.7711451640672452
CG4:303,CG4,303,0.6148600000000002,rank_1_2_M_r,0.4756614062535851,Lum_BGG/Lum_group,Isolated,4,0.4756614062535851
CG4:309,CG4,309,0.30734800000000106,rank_1_2_M_r,0.49983842830853775,Lum_BGG/Lum_group,Embedded,4,0.49983842830853775
CG4:315,CG4,315,0.9224089999999983,rank_1_2_M_r,0.5653115456324767,Lum_BGG/Lum_group,Embedded,4,0.5653115456324767
CG4:316,CG4,316,1.8569920000000018,rank_1_2_M_r,0.7366207021876634,Lum_BGG/Lum_group,Embedded,4,0.7366207021876634
CG4:322,CG4,322,0.9182759999999988,rank_1_2_M_r,0.627809212881511,Lum_BGG/Lum_group,Embedded,4,0.627809212881511
CG4:323,CG4,323,0.6734030000000004,rank_1_2_M_r,0.5706082492975125,Lum_BGG/Lum_group,Embedded,4,0.5706082492975125
CG4:33,CG4,33,0.7716589999999997,rank_1_2_M_r,0.4803884761499091,Lum_BGG/Lum_group,Embedded,4,0.4803884761499091
CG4:330,CG4,330,1.5450000000000017,rank_1_2_M_r,0.6659615300137908,Lum_BGG/Lum_group,Predominant,4,0.6659615300137908
CG4:333,CG4,333,0.9380839999999999,rank_1_2_M_r,0.5476141155058842,Lum_BGG/Lum_group,Predominant,4,0.5476141155058842
CG4:337,CG4,337,0.46185999999999794,rank_1_2_M_r,0.5132387855358486,Lum_BGG/Lum_group,Predominant,4,0.5132387855358486
CG4:341,CG4,341,1.2758829999999968,rank_1_2_M_r,0.6802670546530777,Lum_BGG/Lum_group,Predominant,4,0.6802670546530777
CG4:354,CG4,354,2.1168450000000014,rank_1_2_M_r,0.7930858356898891,Lum_BGG/Lum_group,Embedded,4,0.7930858356898891
CG4:360,CG4,360,1.1146610000000017,rank_1_2_M_r,0.6204933523702146,Lum_BGG/Lum_group,Embedded,4,0.6204933523702146
CG4:368,CG4,368,1.5312379999999983,rank_1_2_M_r,0.713394787589407,Lum_BGG/Lum_group,Predominant,4,0.713394787589407
CG4:369,CG4,369,1.194658999999998,rank_1_2_M_r,0.552327016370066,Lum_BGG/Lum_group,Predominant,4,0.552327016370066
CG4:373,CG4,373,0.31777999999999906,rank_1_2_M_r,0.4897657728800232,Lum_BGG/Lum_group,Embedded,4,0.4897657728800232
CG4:374,CG4,374,0.9228110000000029,rank_1_2_M_r,0.5806587911481825,Lum_BGG/Lum_group,Embedded,4,0.5806587911481825
CG4:386,CG4,386,1.7969299999999997,rank_1_2_M_r,0.7200048563349646,Lum_BGG/Lum_group,Embedded,4,0.7200048563349646
CG4:393,CG4,393,1.155182,rank_1_2_M_r,0.5636956942789174,Lum_BGG/Lum_group,Predominant,4,0.5636956942789174
CG4:394,CG4,394,1.1854250000000022,rank_1_2_M_r,0.6519920509008149,Lum_BGG/Lum_group,Embedded,4,0.6519920509008149
CG4:405,CG4,405,0.8563310000000008,rank_1_2_M_r,0.5129459620546963,Lum_BGG/Lum_group,Embedded,4,0.5129459620546963
CG4:42,CG4,42,1.4481740000000016,rank_1_2_M_r,0.6214200150332467,Lum_BGG/Lum_group,Embedded,4,0.6214200150332467
CG4:52,CG4,52,1.4958479999999987,rank_1_2_M_r,0.6515966045493145,Lum_BGG/Lum_group,Predominant,4,0.6515966045493145
CG4:61,CG4,61,1.8374020000000009,rank_1_2_M_r,0.6844379245485942,Lum_BGG/Lum_group,Embedded,4,0.6844379245485942
CG4:63,CG4,63,1.9375299999999989,rank_1_2_M_r,0.7070569273986838,Lum_BGG/Lum_group,Embedded,4,0.7070569273986838
CG4:73,CG4,73,2.2735920000000007,rank_1_2_M_r,0.7856978292097174,Lum_BGG/Lum_group,Embedded,4,0.7856978292097174
CG4:80,CG4,80,0.48199400000000026,rank_1_2_M_r,0.4384131295387457,Lum_BGG/Lum_group,Embedded,4,0.4384131295387457
CG4:82,CG4,82,1.8063370000000027,rank_1_2_M_r,0.7186872216580186,Lum_BGG/Lum_group,Embedded,4,0.7186872216580186
CG4:84,CG4,84,0.992955000000002,rank_1_2_M_r,0.6215463710835392,Lum_BGG/Lum_group,Embedded,4,0.6215463710835392
CG4:99,CG4,99,1.7266499999999994,rank_1_2_M_r,0.730563586793325,Lum_BGG/Lum_group,Embedded,4,0.730563586793325
RG4:10027,RG4,10027,2.1395470000000003,rank_1_2_M_r,0.7621653148973629,Lum_BGG/Lum_group,,4,0.7621653148973629
RG4:10074,RG4,10074,0.08924599999999927,rank_1_2_M_r,0.3781860196677433,Lum_BGG/Lum_group,,4,0.3781860196677433
RG4:10120,RG4,10120,1.2815849999999998,rank_1_2_M_r,0.5948883529241475,Lum_BGG/Lum_group,,4,0.5948883529241475
RG4:10121,RG4,10121,0.9674350000000018,rank_1_2_M_r,0.5800276855956408,Lum_BGG/Lum_group,,4,0.5800276855956408
RG4:10163,RG4,10163,1.8664650000000016,rank_1_2_M_r,0.682951468065076,Lum_BGG/Lum_group,,4,0.682951468065076
RG4:10218,RG4,10218,1.0988900000000008,rank_1_2_M_r,0.5757617636103008,Lum_BGG/Lum_group,,4,0.5757617636103008
RG4:10236,RG4,10236,0.0019470000000012533,rank_1_2_M_r,0.4570941632438418,Lum_BGG/Lum_group,,4,0.4570941632438418
RG4:10247,RG4,10247,0.916134999999997,rank_1_2_M_r,0.5650871552440119,Lum_BGG/Lum_group,,4,0.5650871552440119
RG4:10324,RG4,10324,0.7402920000000002,rank_1_2_M_r,0.5220375265812004,Lum_BGG/Lum_group,,4,0.5220375265812004
RG4:10423,RG4,10423,1.1451659999999997,rank_1_2_M_r,0.616709825054984,Lum_BGG/Lum_group,,4,0.616709825054984
RG4:10427,RG4,10427,1.764054999999999,rank_1_2_M_r,0.7031618114803989,Lum_BGG/Lum_group,,4,0.7031618114803989
RG4:10458,RG4,10458,1.2639780000000016,rank_1_2_M_r,0.6027219012308079,Lum_BGG/Lum_group,,4,0.6027219012308079
RG4:10485,RG4,10485,1.4280100000000004,rank_1_2_M_r,0.6700434825852365,Lum_BGG/Lum_group,,4,0.6700434825852365
RG4:10497,RG4,10497,0.02970099999999931,rank_1_2_M_r,0.43149646639911177,Lum_BGG/Lum_group,,4,0.43149646639911177
RG4:10506,RG4,10506,0.9668330000000012,rank_1_2_M_r,0.4776139346051488,Lum_BGG/Lum_group,,4,0.4776139346051488
RG4:10574,RG4,10574,0.19104799999999855,rank_1_2_M_r,0.4540856602925487,Lum_BGG/Lum_group,,4,0.4540856602925487
RG4:10581,RG4,10581,2.370723999999999,rank_1_2_M_r,0.7981700637378379,Lum_BGG/Lum_group,,4,0.7981700637378379
RG4:10610,RG4,10610,0.01917100000000005,rank_1_2_M_r,0.418192705163295,Lum_BGG/Lum_group,,4,0.418192705163295
RG4:10657,RG4,10657,0.9681520000000035,rank_1_2_M_r,0.5809459275951725,Lum_BGG/Lum_group,,4,0.5809459275951725
RG4:10673,RG4,10673,0.5463159999999974,rank_1_2_M_r,0.4777283872424935,Lum_BGG/Lum_group,,4,0.4777283872424935
RG4:10693,RG4,10693,0.8993280000000006,rank_1_2_M_r,0.5782392607787625,Lum_BGG/Lum_group,,4,0.5782392607787625
RG4:10757,RG4,10757,0.6272689999999983,rank_1_2_M_r,0.4622514556309589,Lum_BGG/Lum_group,,4,0.4622514556309589
RG4:10767,RG4,10767,1.112243999999997,rank_1_2_M_r,0.5988949902633451,Lum_BGG/Lum_group,,4,0.5988949902633451
RG4:10806,RG4,10806,1.5120460000000016,rank_1_2_M_r,0.6452098310155334,Lum_BGG/Lum_group,,4,0.6452098310155334
RG4:10843,RG4,10843,0.7127610000000004,rank_1_2_M_r,0.5337828268685073,Lum_BGG/Lum_group,,4,0.5337828268685073
RG4:10883,RG4,10883,0.5301739999999988,rank_1_2_M_r,0.4794977756842146,Lum_BGG/Lum_group,,4,0.4794977756842146
RG4:10900,RG4,10900,1.1620100000000022,rank_1_2_M_r,0.5548720727026087,Lum_BGG/Lum_group,,4,0.5548720727026087
RG4:10908,RG4,10908,1.375122000000001,rank_1_2_M_r,0.6639006753348383,Lum_BGG/Lum_group,,4,0.6639006753348383
RG4:10913,RG4,10913,0.3064099999999996,rank_1_2_M_r,0.5023571370811953,Lum_BGG/Lum_group,,4,0.5023571370811953
RG4:10914,RG4,10914,0.654122000000001,rank_1_2_M_r,0.4793613723328843,Lum_BGG/Lum_group,,4,0.4793613723328843
RG4:10929,RG4,10929,0.28583599999999976,rank_1_2_M_r,0.43392938194628505,Lum_BGG/Lum_group,,4,0.43392938194628505
RG4:10955,RG4,10955,1.5880520000000011,rank_1_2_M_r,0.7133397484177764,Lum_BGG/Lum_group,,4,0.7133397484177764
RG4:10964,RG4,10964,0.06227799999999917,rank_1_2_M_r,0.39132788220532433,Lum_BGG/Lum_group,,4,0.39132788220532433
RG4:10990,RG4,10990,0.9817670000000014,rank_1_2_M_r,0.5395515442321963,Lum_BGG/Lum_group,,4,0.5395515442321963
RG4:11021,RG4,11021,0.9363759999999992,rank_1_2_M_r,0.549996466071623,Lum_BGG/Lum_group,,4,0.549996466071623
RG4:11071,RG4,11071,1.7774160000000023,rank_1_2_M_r,0.6982951905471682,Lum_BGG/Lum_group,,4,0.6982951905471682
RG4:11076,RG4,11076,1.3107250000000015,rank_1_2_M_r,0.6733586570872061,Lum_BGG/Lum_group,,4,0.6733586570872061
RG4:11078,RG4,11078,0.528772,rank_1_2_M_r,0.5145603550445879,Lum_BGG/Lum_group,,4,0.5145603550445879
RG4:11108,RG4,11108,0.8057510000000008,rank_1_2_M_r,0.5717708708411596,Lum_BGG/Lum_group,,4,0.5717708708411596
RG4:11129,RG4,11129,1.3748979999999982,rank_1_2_M_r,0.6926120893914826,Lum_BGG/Lum_group,,4,0.6926120893914826
RG4:11153,RG4,11153,1.9517880000000005,rank_1_2_M_r,0.7324435044190917,Lum_BGG/Lum_group,,4,0.7324435044190917
RG4:11198,RG4,11198,0.8364520000000013,rank_1_2_M_r,0.6004023352585579,Lum_BGG/Lum_group,,4,0.6004023352585579
RG4:11252,RG4,11252,0.9480819999999994,rank_1_2_M_r,0.639676656881208,Lum_BGG/Lum_group,,4,0.639676656881208
RG4:11265,RG4,11265,1.3136930000000007,rank_1_2_M_r,0.6030497505356435,Lum_BGG/Lum_group,,4,0.6030497505356435
RG4:11278,RG4,11278,2.344539000000001,rank_1_2_M_r,0.7740585342083132,Lum_BGG/Lum_group,,4,0.7740585342083132
RG4:11305,RG4,11305,2.2254520000000007,rank_1_2_M_r,0.728307571903474,Lum_BGG/Lum_group,,4,0.728307571903474
RG4:11370,RG4,11370,2.131565000000002,rank_1_2_M_r,0.7392715425173072,Lum_BGG/Lum_group,,4,0.7392715425173072
RG4:11562,RG4,11562,1.9438209999999998,rank_1_2_M_r,0.7111613254861238,Lum_BGG/Lum_group,,4,0.7111613254861238
RG4:9394,RG4,9394,2.5414819999999985,rank_1_2_M_r,0.8025325599245311,Lum_BGG/Lum_group,,4,0.8025325599245311
RG4:9578,RG4,9578,0.17951599999999956,rank_1_2_M_r,0.4863500095027196,Lum_BGG/Lum_group,,4,0.4863500095027196
RG4:9765,RG4,9765,0.026720000000000965,rank_1_2_M_r,0.44024798024103706,Lum_BGG/Lum_group,,4,0.44024798024103706
RG4:9774,RG4,9774,1.653329000000003,rank_1_2_M_r,0.7160717156255462,Lum_BGG/Lum_group,,4,0.7160717156255462
RG4:9790,RG4,9790,0.5935399999999973,rank_1_2_M_r,0.5173517553926429,Lum_BGG/Lum_group,,4,0.5173517553926429
RG4:9833,RG4,9833,1.294003,rank_1_2_M_r,0.6010631760830528,Lum_BGG/Lum_group,,4,0.6010631760830528
RG4:9869,RG4,9869,2.1400979999999983,rank_1_2_M_r,0.7560732715491005,Lum_BGG/Lum_group,,4,0.7560732715491005
RG4:9995,RG4,9995,1.0889989999999976,rank_1_2_M_r,0.6411922824383656,Lum_BGG/Lum_group,,4,0.6411922824383656
