cg4_group,zheng_shen_class,objid,cg4_rank_M,lim_group,lim_rank_M,quartet_satellite,host_halo_satellite,host_status_differs_from_quartet_rank
25,Embedded,1237655108898979844,1,5316,1,False,False,False
25,Embedded,1237655108898914500,2,5316,3,True,True,False
25,Embedded,1237655108898914492,3,5316,4,True,True,False
25,Embedded,1237655108898980064,4,5316,5,True,True,False
27,Predom,1237651533872496853,1,757,2,False,True,True
27,Predom,1237651271887618101,2,757,4,True,True,False
27,Predom,1237651271887618204,3,757,16,True,True,False
27,Predom,1237651533872496832,4,757,17,True,True,False
28,Predom,1237651192431902873,1,757,1,False,False,False
28,Predom,1237651192431902934,2,757,5,True,True,False
28,Predom,1237651192431902942,3,757,9,True,True,False
28,Predom,1237651192431902951,4,757,12,True,True,False
33,Embedded,1237653664714391702,1,6739,1,False,False,False
33,Embedded,1237653664714391735,2,6739,2,True,True,False
33,Embedded,1237651753452765233,3,6739,3,True,True,False
33,Embedded,1237651753452765443,4,6739,4,True,True,False
42,Embedded,1237664093977182232,1,3863,1,False,False,False
42,Embedded,1237664093977116737,2,3863,2,True,True,False
42,Embedded,1237664093977182233,3,3863,3,True,True,False
42,Embedded,1237664093977182234,4,3863,4,True,True,False
52,Predom,1237664879949906003,1,225,1,False,False,False
52,Predom,1237664879949906001,2,225,6,True,True,False
52,Predom,1237664837006852244,3,225,9,True,True,False
52,Predom,1237664879949906004,4,225,15,True,True,False
61,Embedded,1237661382235652124,1,4038,1,False,False,False
61,Embedded,1237661382235652235,2,4038,4,True,True,False
61,Embedded,1237661382235652234,3,4038,5,True,True,False
61,Embedded,1237661382235652236,4,4038,6,True,True,False
63,Embedded,1237661381699174422,1,389,1,False,False,False
63,Embedded,1237661381699108952,2,389,2,True,True,False
63,Embedded,1237661381699108923,3,389,3,True,True,False
63,Embedded,1237661381699108924,4,389,7,True,True,False
73,Embedded,1237664336632741928,1,1288,1,False,False,False
73,Embedded,1237664336632741895,2,1288,2,True,True,False
73,Embedded,1237665099004051581,3,1288,3,True,True,False
73,Embedded,1237664869753487485,4,1288,4,True,True,False
80,Embedded,1237671260670525453,1,2045,1,False,False,False
80,Embedded,1237671123231768624,2,2045,2,True,True,False
80,Embedded,1237671260670525479,3,2045,3,True,True,False
80,Embedded,1237671260670525478,4,2045,4,True,True,False
82,Embedded,1237664670045765663,1,3033,1,False,False,False
82,Embedded,1237661136886366310,2,3033,2,True,True,False
82,Embedded,1237661381701861554,3,3033,3,True,True,False
82,Embedded,1237661381701861576,4,3033,6,True,True,False
84,Embedded,1237671125379842213,1,1493,1,False,False,False
84,Embedded,1237671125379907676,2,1493,2,True,True,False
84,Embedded,1237671125379842214,3,1493,4,True,True,False
84,Embedded,1237671125379842189,4,1493,5,True,True,False
99,Embedded,1237667536399761464,1,1675,1,False,False,False
99,Embedded,1237667536399761571,2,1675,3,True,True,False
99,Embedded,1237667783897383104,3,1675,6,True,True,False
99,Embedded,1237667783897383027,4,1675,7,True,True,False
101,Embedded,1237654398613913710,1,2044,1,False,False,False
101,Embedded,1237654398613913657,2,2044,2,True,True,False
101,Embedded,1237654398613913659,3,2044,5,True,True,False
101,Embedded,1237654398613913661,4,2044,6,True,True,False
106,Embedded,1237648721221910580,1,3099,1,False,False,False
106,Embedded,1237654669739884742,2,3099,2,True,True,False
106,Embedded,1237654669739884626,3,3099,3,True,True,False
106,Embedded,1237654669739950159,4,3099,4,True,True,False
112,Predom,1237648721759961111,1,240,1,False,False,False
112,Predom,1237648721759961363,2,240,5,True,True,False
112,Predom,1237648721759961197,3,240,11,True,True,False
112,Predom,1237648721759961421,4,240,16,True,True,False
117,Embedded,1237654602106732592,1,3080,1,False,False,False
117,Embedded,1237654602106732699,2,3080,2,True,True,False
117,Embedded,1237654602106732681,3,3080,3,True,True,False
117,Embedded,1237654602106732720,4,3080,4,True,True,False
121,Embedded,1237654604791545887,1,4018,1,False,False,False
121,Embedded,1237654604791545959,2,4018,2,True,True,False
121,Embedded,1237654604791545888,3,4018,3,True,True,False
121,Embedded,1237654604791546018,4,4018,5,True,True,False
128,Embedded,1237664819818987529,1,5335,1,False,False,False
128,Embedded,1237664819818987565,2,5335,2,True,True,False
128,Embedded,1237664819818987566,3,5335,3,True,True,False
128,Embedded,1237664819818987690,4,5335,5,True,True,False
131,Predom,1237667431715766291,1,126,1,False,False,False
131,Predom,1237667431715766292,2,126,5,True,True,False
131,Predom,1237667431715766293,3,126,7,True,True,False
131,Predom,1237667431715766294,4,126,18,True,True,False
142,Embedded,1237662223525871655,1,3999,1,False,False,False
142,Embedded,1237662223525871715,2,3999,3,True,True,False
142,Embedded,1237662223525806268,3,3999,4,True,True,False
142,Embedded,1237662223525806252,4,3999,5,True,True,False
147,Isolated,1237664337177477186,1,9952,1,False,False,False
147,Isolated,1237664337177477185,2,9952,2,True,True,False
147,Isolated,1237664337177542740,3,9952,3,True,True,False
147,Isolated,1237664337177542775,4,9952,4,True,True,False
154,Embedded,1237657628452388926,1,879,1,False,False,False
154,Embedded,1237657628452389042,2,879,3,True,True,False
154,Embedded,1237657628452389069,3,879,5,True,True,False
154,Embedded,1237657628452389021,4,879,7,True,True,False
158,Isolated,1237661811196624933,1,10996,1,False,False,False
158,Isolated,1237661811196625002,2,10996,2,True,True,False
158,Isolated,1237661811196559464,3,10996,3,True,True,False
158,Isolated,1237661948639445082,4,10996,4,True,True,False
165,Predom,1237665126930055238,1,36,1,False,False,False
165,Predom,1237665126930055405,2,36,13,True,True,False
165,Predom,1237665126930055448,3,36,14,True,True,False
165,Predom,1237665126930055406,4,36,21,True,True,False
167,Predom,1237665370120847454,1,36,2,False,True,True
167,Predom,1237665370120847399,2,36,9,True,True,False
167,Predom,1237665370120782013,3,36,17,True,True,False
167,Predom,1237665370120847519,4,36,26,True,True,False
173,Embedded,1237658312939798567,1,1824,1,False,False,False
173,Embedded,1237655108913594378,2,1824,3,True,True,False
173,Embedded,1237658312939798811,3,1824,6,True,True,False
173,Embedded,1237655108913594468,4,1824,7,True,True,False
175,Isolated,1237648722841043066,1,11175,1,False,False,False
175,Isolated,1237648722841042953,2,11175,2,True,True,False
175,Isolated,1237648722840977489,3,11175,3,True,True,False
175,Isolated,1237648722841043030,4,11175,4,True,True,False
188,Embedded,1237667733971337221,1,800,1,False,False,False
188,Embedded,1237667781760319536,2,800,5,True,True,False
188,Embedded,1237667781760319651,3,800,7,True,True,False
188,Embedded,1237667781760319656,4,800,8,True,True,False
197,Embedded,1237657591934025821,1,5360,1,False,False,False
197,Embedded,1237657591934025805,2,5360,2,True,True,False
197,Embedded,1237657591934025877,3,5360,3,True,True,False
197,Embedded,1237657591934025822,4,5360,4,True,True,False
204,Predom,1237657858222391375,1,1117,1,False,False,False
204,Predom,1237657858222456920,2,1117,6,True,True,False
204,Predom,1237657858222456990,3,1117,7,True,True,False
204,Predom,1237657858222391531,4,1117,10,True,True,False
206,Embedded,1237657627919319142,1,1741,1,False,False,False
206,Embedded,1237657627919319141,2,1741,2,True,True,False
206,Embedded,1237657627919384583,3,1741,5,True,True,False
206,Embedded,1237657627919319144,4,1741,7,True,True,False
207,Predom,1237661152450183230,1,406,1,False,False,False
207,Predom,1237661152450248784,2,406,3,True,True,False
207,Predom,1237661152450248713,3,406,7,True,True,False
207,Predom,1237661152450248875,4,406,13,True,True,False
214,Isolated,1237661435920646147,1,10818,1,False,False,False
214,Isolated,1237661435920646302,2,10818,2,True,True,False
214,Isolated,1237661435920646283,3,10818,3,True,True,False
214,Isolated,1237661435920580738,4,10818,4,True,True,False
229,Predom,1237665025446510622,1,442,2,False,True,True
229,Predom,1237665025446510739,2,442,6,True,True,False
229,Predom,1237665025446510775,3,442,7,True,True,False
229,Predom,1237665025446510745,4,442,19,True,True,False
231,Embedded,1237661949186474088,1,3047,1,False,False,False
231,Embedded,1237661949186408622,2,3047,2,True,True,False
231,Embedded,1237661949186408636,3,3047,3,True,True,False
231,Embedded,1237661949186474090,4,3047,6,True,True,False
239,Isolated,1237661873482891334,1,11010,1,False,False,False
239,Isolated,1237661873482891502,2,11010,2,True,True,False
239,Isolated,1237661873482956896,3,11010,3,True,True,False
239,Isolated,1237661873482891322,4,11010,4,True,True,False
259,Predom,1237661418747461670,1,1248,1,False,False,False
259,Predom,1237661418747527234,2,1248,5,True,True,False
259,Predom,1237661418747461776,3,1248,6,True,True,False
259,Predom,1237661418747461854,4,1248,7,True,True,False
265,Embedded,1237667783918026937,1,3157,1,False,False,False
265,Embedded,1237667783918092311,2,3157,2,True,True,False
265,Embedded,1237667783918092359,3,3157,3,True,True,False
265,Embedded,1237667783918092392,4,3157,4,True,True,False
271,Embedded,1237655463774191677,1,5093,1,False,False,False
271,Embedded,1237655368756625588,2,5093,2,True,True,False
271,Embedded,1237655463774126344,3,5093,3,True,True,False
271,Embedded,1237655463774126308,4,5093,4,True,True,False
276,Embedded,1237651273515794444,1,1284,1,False,False,False
276,Embedded,1237651273515794443,2,1284,2,True,True,False
276,Embedded,1237651273515794622,3,1284,3,True,True,False
276,Embedded,1237651273515794447,4,1284,6,True,True,False
293,Predom,1237661418750476311,1,310,1,False,False,False
293,Predom,1237661418750476312,2,310,8,True,True,False
293,Predom,1237661418750476514,3,310,11,True,True,False
293,Predom,1237661418750476491,4,310,12,True,True,False
303,Isolated,1237667912217985078,1,10811,1,False,False,False
303,Isolated,1237665567146115211,2,10811,2,True,True,False
303,Isolated,1237665567146115095,3,10811,3,True,True,False
303,Isolated,1237667912217919745,4,10811,4,True,True,False
309,Embedded,1237648704057573661,1,3859,1,False,False,False
309,Embedded,1237648704057573499,2,3859,2,True,True,False
309,Embedded,1237648704057573747,3,3859,3,True,True,False
309,Embedded,1237648704057573731,4,3859,5,True,True,False
315,Embedded,1237651735776460868,1,5240,1,False,False,False
315,Embedded,1237655468597182863,2,5240,2,True,True,False
315,Embedded,1237655468597182871,3,5240,3,True,True,False
315,Embedded,1237651735776461018,4,5240,4,True,True,False
316,Embedded,1237667733988573256,1,1877,1,False,False,False
316,Embedded,1237667733988573355,2,1877,2,True,True,False
316,Embedded,1237667733988573424,3,1877,5,True,True,False
316,Embedded,1237667733988638844,4,1877,6,True,True,False
322,Embedded,1237659131675213861,1,7404,1,False,False,False
322,Embedded,1237659131675148382,2,7404,2,True,True,False
322,Embedded,1237659131675148445,3,7404,4,True,True,False
322,Embedded,1237659131675148384,4,7404,5,True,True,False
323,Embedded,1237661950272471286,1,1685,1,False,False,False
323,Embedded,1237661950272471191,2,1685,3,True,True,False
323,Embedded,1237661950272471287,3,1685,4,True,True,False
323,Embedded,1237661950272471275,4,1685,6,True,True,False
330,Predom,1237662198284157184,1,1289,2,False,True,True
330,Predom,1237662198284157251,2,1289,5,True,True,False
330,Predom,1237662198284157166,3,1289,6,True,True,False
330,Predom,1237662264859689260,4,1289,8,True,True,False
333,Predom,1237665549969588378,1,30,1,False,False,False
333,Predom,1237665549969588377,2,30,3,True,True,False
333,Predom,1237665549969588379,3,30,8,True,True,False
333,Predom,1237665549969653903,4,30,15,True,True,False
337,Predom,1237659163880849535,1,348,2,False,True,True
337,Predom,1237659163880914976,2,348,5,True,True,False
337,Predom,1237659163880915172,3,348,13,True,True,False
337,Predom,1237659163880915192,4,348,20,True,True,False
341,Predom,1237662238560682244,1,76,1,False,False,False
341,Predom,1237662238560682037,2,76,4,True,True,False
341,Predom,1237662238560682220,3,76,18,True,True,False
341,Predom,1237662238560682390,4,76,22,True,True,False
354,Embedded,1237662697036251250,1,1632,1,False,False,False
354,Embedded,1237662697036251461,2,1632,3,True,True,False
354,Embedded,1237662697036251506,3,1632,5,True,True,False
354,Embedded,1237662697036251443,4,1632,7,True,True,False
360,Embedded,1237662306199666786,1,2542,1,False,False,False
360,Embedded,1237662306199666875,2,2542,2,True,True,False
360,Embedded,1237662306199666769,3,2542,4,True,True,False
360,Embedded,1237662306199667123,4,2542,5,True,True,False
368,Predom,1237665534931894451,1,51,4,False,True,True
368,Predom,1237665534931894452,2,51,29,True,True,False
368,Predom,1237665534931894453,3,51,53,True,True,False
368,Predom,1237665534931894732,4,51,54,True,True,False
369,Predom,1237665535468765463,1,721,1,False,False,False
369,Predom,1237665535468765571,2,721,4,True,True,False
369,Predom,1237665535468765464,3,721,5,True,True,False
369,Predom,1237665535468765536,4,721,9,True,True,False
373,Embedded,1237662504832270395,1,3073,1,False,False,False
373,Embedded,1237662504832270396,2,3073,2,True,True,False
373,Embedded,1237662300835807413,3,3073,3,True,True,False
373,Embedded,1237662300835807439,4,3073,4,True,True,False
374,Embedded,1237668272452862078,1,2304,1,False,False,False
374,Embedded,1237668272452862530,2,2304,2,True,True,False
374,Embedded,1237668272452862219,3,2304,3,True,True,False
374,Embedded,1237668272452862569,4,2304,7,True,True,False
386,Embedded,1237662225165516860,1,3916,1,False,False,False
386,Embedded,1237662225165451914,2,3916,2,True,True,False
386,Embedded,1237662225165517232,3,3916,3,True,True,False
386,Embedded,1237662225165517146,4,3916,6,True,True,False
393,Predom,1237659329780121695,1,369,1,False,False,False
393,Predom,1237659324957327415,2,369,4,True,True,False
393,Predom,1237659329780121629,3,369,5,True,True,False
393,Predom,1237659324957262004,4,369,8,True,True,False
394,Embedded,1237655473969299672,1,5219,1,False,False,False
394,Embedded,1237655473969299673,2,5219,2,True,True,False
394,Embedded,1237655473969299957,3,5219,4,True,True,False
394,Embedded,1237655375185117425,4,5219,5,True,True,False
405,Embedded,1237662302453039177,1,3141,1,False,False,False
405,Embedded,1237662302452974056,2,3141,2,True,True,False
405,Embedded,1237662302452974098,3,3141,3,True,True,False
405,Embedded,1237662302453039694,4,3141,4,True,True,False
