objid,specobjid,Group,RA,Dec,M_r,Lum,z,dist2BGG,lgm,sfr,sSFR,rank_dist,rank_M,RA_BGG,Dec_BGG,M_BGG
1237673808117498264,2165170997483825152,7,119.944232129,18.401779871,-22.180021,55463644047.400536,0.042021621,0.0,11.4658,-1.353853,-12.819653,1,1,119.944232129,18.401779871,-22.180021
1237673808117498246,2165171272361732096,7,119.939291946,18.444440275,-20.749977,14859041648.824348,0.039722431,2.696561278494031,10.46536,-1.377459,-11.842819,4,2,119.944232129,18.401779871,-22.180021
1237673808117498266,2164035476783130624,7,119.940183688,18.403965288,-19.500548,4701313365.482242,0.042609288,0.2776886110228582,10.12374,-1.098397,-11.222137,2,3,119.944232129,18.401779871,-22.180021
1237673808117563770,2164036301416851456,7,119.985781725,18.413748182,-18.927374,2772998278.727434,0.042248183,2.588690370831033,9.751953,-1.255235,-11.007188,3,4,119.944232129,18.401779871,-22.180021
1237655108898979844,858040220065490944,25,128.717113659,44.637127392,-21.823291,39931571305.63517,0.038103145,0.0,11.13696,0.3827338,-10.7542262,1,1,128.717113659,44.637127392,-21.823291
1237655108898914500,858035272263165952,25,128.655752293,44.619226302,-20.729999,14588129166.583809,0.037864507,2.96543138169072,10.40786,-1.361676,-11.769536,3,2,128.717113659,44.637127392,-21.823291
1237655108898914492,858039945187584000,25,128.674475696,44.593518404,-19.424341,4382646073.16831,0.038568193,3.338345122250469,9.313793,-0.2030639,-9.5168569,4,3,128.717113659,44.637127392,-21.823291
1237655108898980064,858036371774793728,25,128.751166059,44.671598991,-19.032422,3054701653.56523,0.037563678,2.647204432433291,9.284696,-0.5503863,-9.8350823,2,4,128.717113659,44.637127392,-21.823291
1237651534946435160,500068090386606080,26,129.137933656,54.041457465,-21.860433,41321226138.16374,0.030908888,0.0,10.89008,-0.6753733,-11.5654533,1,1,129.137933656,54.041457465,-21.860433
1237651702451667092,502224782712924160,26,129.019729316,53.986177746,-19.761473,5978458239.861056,0.032303183,5.577521864517117,9.897285,-0.5250384,-10.4223234,3,2,129.137933656,54.041457465,-21.860433
1237651534946369716,500064791851722752,26,129.056620428,53.966333581,-19.723909,5775154404.3064575,0.030834864,5.594329891636262,9.816109,-0.5044311,-10.3205401,4,3,129.137933656,54.041457465,-21.860433
1237651702451732619,500066166241257472,26,129.048531668,54.045162351,-18.953299,2840008239.2748556,0.031738163,3.3065297749081357,9.542235,-1.845653,-11.387888,2,4,129.137933656,54.041457465,-21.860433
1237651533872496853,500074962334279680,27,129.932109624,53.013804705,-21.884657,42253510813.71796,0.044700583,0.0,10.94254,-1.367166,-12.309705999999998,1,1,129.932109624,53.013804705,-21.884657
1237651271887618101,500071114043582464,27,129.933629611,52.954364718,-21.525527,30353641467.254044,0.046428481,3.735167088634312,10.82927,-1.301104,-12.130374,4,2,129.932109624,53.013804705,-21.884657
1237651271887618204,500075512090093568,27,129.986319296,53.0241413,-19.524462,4806011437.311511,0.045765926,2.1494077086296346,9.714207,-0.5972809,-10.3114879,3,3,129.932109624,53.013804705,-21.884657
1237651533872496832,500074137700558848,27,129.893720201,53.021271327,-19.437155,4434677066.8671055,0.046666261,1.5249910210382918,9.640424,-0.264861,-9.905285,2,4,129.932109624,53.013804705,-21.884657
1237651192431902873,503368824192526336,28,130.548902571,52.773058239,-23.060968,124849612857.94785,0.045092908,0.0,11.56605,-1.268743,-12.834793,1,1,130.548902571,52.773058239,-23.060968
1237651192431902934,503370198582061056,28,130.674027989,52.746319307,-21.38034,26554369860.56119,0.045297238,5.04560160337717,10.74845,-0.5900373,-11.3384873,4,2,130.548902571,52.773058239,-23.060968
1237651192431902942,503368549314619392,28,130.608510455,52.783180188,-20.605546,13008235777.004658,0.045825495,2.353102175140019,10.45439,-1.788836,-12.243226,2,3,130.548902571,52.773058239,-23.060968
1237651192431902951,503369373948340224,28,130.579586234,52.819887178,-20.113728,8269727516.570166,0.045729996,3.1648526869299594,9.72223,-0.1130434,-9.8352734,3,4,130.548902571,52.773058239,-23.060968
1237653664714391702,527027291352492032,33,132.67951554,1.350688604,-22.309907,62511914517.34464,0.043605956,0.0,10.91266,-0.1564121,-11.0690721,1,1,132.67951554,1.350688604,-22.309907
1237653664714391735,527027841108305920,33,132.686472444,1.328718613,-21.538248,30711370688.19082,0.043203973,1.447933518387814,10.67758,-1.525149,-12.202729,2,2,132.67951554,1.350688604,-22.309907
1237651753452765233,525971210249463808,33,132.688639504,1.315986285,-21.380679,26562662240.264935,0.043100813,2.254475346365634,10.73482,-1.555934,-12.290754,3,3,132.67951554,1.350688604,-22.309907
1237651753452765443,525968461470394368,33,132.683670349,1.299378788,-20.3565,10341892044.331964,0.043182957,3.2344373459489284,10.11648,-1.086425,-11.202905,4,4,132.67951554,1.350688604,-22.309907
1237664093977182232,2182114747552393216,42,139.174411627,30.915418002,-22.317682,62961171468.703606,0.024032534,0.0,11.30246,-1.580751,-12.883211,1,1,139.174411627,30.915418002,-22.317682
1237664093977116737,2182100728779139072,42,139.065189731,30.824019532,-20.869508,16588350380.782766,0.023569981,8.226551937242565,10.44188,-1.656235,-12.098115,4,2,139.174411627,30.915418002,-22.317682
1237664093977182233,2182111998773323776,42,139.157022455,30.905397465,-20.656212,13629653025.505016,0.024061855,1.1292269034234192,10.44385,-1.62013,-12.06398,3,3,139.174411627,30.915418002,-22.317682
1237664093977182234,2182113373162858496,42,139.192484217,30.910911111,-20.096434,8139047817.489975,0.024110809,1.0145488106050944,10.1118,-2.083404,-12.195204,2,4,139.174411627,30.915418002,-22.317682
1237661383844233271,1792588832508504064,46,140.543091777,33.848554343,-22.129804,52956783626.18142,0.024123707,0.0,11.03287,-1.433601,-12.466471,1,1,140.543091777,33.848554343,-22.129804
1237664870823166177,1793644913443760128,46,140.538117967,33.900857459,-19.973168,7265528321.163891,0.024401573,3.296528787089245,10.11911,-1.869061,-11.988171,3,2,140.543091777,33.848554343,-22.129804
1237664870823166195,1793642714420504576,46,140.560959248,33.937658762,-19.35595,4115096272.804796,0.020958345,5.675621974414661,9.335084,-0.4535278,-9.7886118,4,3,140.543091777,33.848554343,-22.129804
1237661383844233485,1792587183241062400,46,140.51234482,33.864382377,-19.264897,3784066848.942967,0.024911228,1.8875506787640683,9.39079,-0.5629868,-9.9537768,2,4,140.543091777,33.848554343,-22.129804
1237664879949906003,2183255216156076032,52,141.970101969,29.985751394,-22.51063,75205915084.44658,0.027544551,0.0,11.26873,-1.217835,-12.486565,1,1,141.970101969,29.985751394,-22.51063
1237664879949906001,2183242022016542720,52,142.003854161,30.036966661,-21.014782,18963251285.46024,0.02754628,3.705063737648762,10.52723,-1.468659,-11.995889,4,2,141.970101969,29.985751394,-22.51063
1237664837006852244,2183259889080494080,52,142.01703994,29.991434985,-20.695075,14126351226.2975,0.028559419,2.579217213887211,10.09972,0.1936986,-9.9060214,3,3,141.970101969,29.985751394,-22.51063
1237664879949906004,2183245045673519104,52,141.990439282,30.011032706,-19.951564,7122387530.025981,0.025651397,1.935954826713179,10.06748,-1.358868,-11.426348,2,4,141.970101969,29.985751394,-22.51063
1237661382235652124,1794706217059248128,61,146.313377495,34.712283344,-21.900089,42858365082.915306,0.04172448,0.0,11.04974,1.272618,-9.777122,1,1,146.313377495,34.712283344,-21.900089
1237661382235652235,1795881869984688128,61,146.341731541,34.70302099,-20.062687,7889959973.522681,0.041756884,1.575938277277113,10.28243,-1.894711,-12.177141,2,2,146.313377495,34.712283344,-21.900089
1237661382235652234,2189975706069395456,61,146.344435575,34.701477385,-19.802919,6211086820.627455,0.0409836,1.741991412995682,10.09958,-1.842468,-11.942048,3,3,146.313377495,34.712283344,-21.900089
1237661382235652236,1794704292913899520,61,146.342201979,34.694453201,-19.701835,5658925806.635507,0.041354118,1.863319545545246,10.02217,-1.900081,-11.922251,4,4,146.313377495,34.712283344,-21.900089
1237661381699174422,2190022710191482880,63,147.467155964,34.714119475,-23.270799,151467549747.76385,0.039612044,0.0,11.46481,-0.9813917,-12.4462017,1,1,147.467155964,34.714119475,-23.270799
1237661381699108952,2190019686534506496,63,147.398931155,34.733102997,-21.333269,25427730509.30704,0.039922336,3.7196965481473465,10.8073,-1.309099,-12.116399,2,2,147.467155964,34.714119475,-23.270799
1237661381699108923,6528215156123168768,63,147.379087491,34.634083049,-21.311142,24914765275.814396,0.040217334,6.782228651421228,,,,4,3,147.467155964,34.714119475,-23.270799
1237661381699108924,2190021060924041216,63,147.380734681,34.638776826,-20.55465,12412521106.868149,0.039664127,6.507752583889473,10.21994,-0.0159587,-10.2358987,3,4,147.467155964,34.714119475,-23.270799
1237664336632741928,2194381449933645824,73,151.021883971,31.185462997,-22.475486,72810564810.50262,0.021581224,0.0,11.06783,-1.578316,-12.646146000000002,1,1,151.021883971,31.185462997,-22.475486
1237664336632741895,2194379800666204160,73,150.917619879,31.161773628,-20.201894,8969280374.074776,0.021819562,5.79940606450284,10.20023,-1.76305,-11.96328,2,2,151.021883971,31.185462997,-22.475486
1237665099004051581,2198971909721319424,73,151.106052367,31.034472987,-19.708248,5692449676.897648,0.02265177,10.512101674937323,9.80046,-0.3950654,-10.1955254,4,3,151.021883971,31.185462997,-22.475486
1237664869753487485,2194379525788297216,73,151.015588161,31.043020337,-19.609515,5197637654.105481,0.023139618,8.956341671606546,9.497967,-0.2812656,-9.779232599999998,3,4,151.021883971,31.185462997,-22.475486
1237671260670525453,2913873559157762048,80,153.503134728,14.499680194,-22.371755,66176226622.65028,0.03098687,0.0,11.12167,-1.460874,-12.582544,1,1,153.503134728,14.499680194,-22.371755
1237671123231768624,2913894175000782848,80,153.545897171,14.380684413,-21.889761,42452610394.52018,0.03088647,7.916541368430618,10.94013,-1.436003,-12.376133,4,2,153.503134728,14.499680194,-22.371755
1237671260670525479,2913875758181017600,80,153.515598216,14.524197199,-21.348008,25775268618.20347,0.030003054,1.7168948096890253,10.6821,-1.553513,-12.235613,2,3,153.503134728,14.499680194,-22.371755
1237671260670525478,6006794851143315456,80,153.509057005,14.533625118,-20.866391,16540795791.903706,0.030594581,2.1630293468212547,,,,3,4,153.503134728,14.499680194,-22.371755
1237664670045765663,1606717491445262336,82,154.492423795,37.18157765,-22.399567,67893281495.84278,0.045040485,0.0,11.14766,-0.977784,-12.125444,1,1,154.492423795,37.18157765,-22.399567
1237661136886366310,1606719415590610944,82,154.502379653,37.206864762,-20.59323,12861511192.38544,0.045599583,1.6651445858537035,10.06689,0.1685325,-9.8983575,3,2,154.492423795,37.18157765,-22.399567
1237661381701861554,1606716666811541504,82,154.524162394,37.179694042,-20.168493,8697555325.637873,0.046224363,1.5932451399341676,10.16911,-1.438187,-11.607297,2,3,154.492423795,37.18157765,-22.399567
1237661381701861576,1606715842177820672,82,154.43563862,37.12230349,-19.57092,5016120952.664719,0.045028617,4.685875400233404,9.576148,-0.3123668,-9.8885148,4,4,154.492423795,37.18157765,-22.399567
1237671125379842213,2915011828570417152,84,154.727076611,16.155514838,-22.063171,49804478845.83275,0.029707897,0.0,11.08672,-1.045819,-12.132539,1,1,154.727076611,16.155514838,-22.063171
1237671125379907676,2915012378326231040,84,154.790352825,16.111794147,-21.070216,19956592986.29327,0.030036813,4.704512263769729,10.5799,-0.3162664,-10.8961664,4,2,154.727076611,16.155514838,-22.063171
1237671125379842214,2916178960180078592,84,154.742254064,16.157826169,-19.645014,5370387211.587878,0.029465989,0.9274046129967118,9.934071,-0.4050798,-10.3391508,2,3,154.727076611,16.155514838,-22.063171
1237671125379842189,2914000002994956288,84,154.694734826,16.148855392,-19.567097,4998489682.410611,0.030579443,1.9962250165528552,9.890475,-0.5940718,-10.4845468,3,4,154.727076611,16.155514838,-22.063171
1237667536399761464,2675231150640752640,99,157.584321087,21.221097068,-22.62959,83914304616.49171,0.04339918,0.0,11.236,-1.247368,-12.483368,1,1,157.584321087,21.221097068,-22.62959
1237667536399761571,2675229226495404032,99,157.557948517,21.219908386,-20.90294,17107084477.446352,0.043760583,1.5464854706466016,10.69086,-1.836296,-12.527156000000002,2,2,157.584321087,21.221097068,-22.62959
1237667783897383104,2674179742646691840,99,157.602891312,21.161201667,-20.063188,7893601541.402632,0.043752223,3.9174292015994863,10.09201,-1.424306,-11.516316,4,3,157.584321087,21.221097068,-22.62959
1237667783897383027,2674181117036226560,99,157.555698987,21.181741402,-19.755824,5947433571.726869,0.042515835,2.98761822109012,9.598251,-0.175917,-9.774168,3,4,157.584321087,21.221097068,-22.62959
1237654398613913710,869212634992371712,101,158.560057062,61.640479844,-22.18338,55635500584.71171,0.031583981,0.0,11.07611,-1.113845,-12.189955,1,1,158.560057062,61.640479844,-22.18338
1237654398613913657,869212360114464768,101,158.541230712,61.607741589,-21.3013,24689938036.54724,0.030266671,2.132442614002218,10.66817,-1.393426,-12.061596,4,2,158.560057062,61.640479844,-22.18338
1237654398613913659,7982663436583235584,101,158.512632008,61.622060679,-20.055727,7839543964.535926,0.031841168,1.8286494502475932,,,,3,3,158.560057062,61.640479844,-22.18338
1237654398613913661,869224729620277248,101,158.514055359,61.626250142,-20.012424,7533028317.544825,0.031054983,1.6386556600253663,10.09317,-0.4923118,-10.5854818,2,4,158.560057062,61.640479844,-22.18338
1237648721221910580,308562027511572480,106,159.835214457,-0.200241889,-22.122781,52615342283.49367,0.019912633,0.0,10.88227,-1.208631,-12.090901,1,1,159.835214457,-0.200241889,-22.122781
1237654669739884742,308558728976689152,106,159.799131333,-0.409472329,-20.979652,18359497906.8975,0.01997593,13.340392186578423,10.40413,-1.227447,-11.631577,4,2,159.835214457,-0.200241889,-22.122781
1237654669739884626,308548008738318336,106,159.851599952,-0.389285818,-19.947538,7096026031.184947,0.019768186,11.922513274967912,9.24446,-0.02911274,-9.27357274,3,3,159.835214457,-0.200241889,-22.122781
1237654669739950159,308549108249946112,106,159.89377895,-0.253018593,-19.311156,3948775104.800068,0.020029227,4.9534165616882975,9.123651,-0.3960386,-9.5196896,2,4,159.835214457,-0.200241889,-22.122781
1237648721759961111,310869352595351552,112,162.495232384,0.322301336,-22.78591,96908974979.97496,0.040214827,0.0,11.34712,-1.057247,-12.404367,1,1,162.495232384,0.322301336,-22.78591
1237648721759961363,309787158292490240,112,162.497479161,0.353258599,-21.469013,28814109350.41261,0.038863702,1.9502180927124688,10.81194,-0.55961,-11.37155,2,2,162.495232384,0.322301336,-22.78591
1237648721759961197,310868253083723776,112,162.525717889,0.333248802,-20.724521,14514711230.992395,0.041545466,2.035192107968118,10.52482,-1.606087,-12.130907,3,3,162.495232384,0.322301336,-22.78591
1237648721759961421,309796229263419392,112,162.547897173,0.306910955,-20.108694,8231473796.082398,0.041709789,3.447379536261919,10.23428,-1.404288,-11.638568,4,4,162.495232384,0.322301336,-22.78591
1237654028714901544,572023712824453120,116,164.611091103,1.382912157,-22.171547,55032443958.22341,0.04205802,0.0,11.14702,-1.303716,-12.450736,1,1,164.611091103,1.382912157,-22.171547
1237654028714967066,572024262580267008,116,164.661710163,1.381864443,-21.126438,21017216598.920628,0.042342746,3.180245065605663,10.66508,-1.268326,-11.933406,3,2,164.611091103,1.382912157,-22.171547
1237654028714967051,572026736481429504,116,164.653489057,1.410264177,-20.661178,13692135867.336468,0.041817808,3.1695239496126786,10.46706,-1.598596,-12.065656,2,3,164.611091103,1.382912157,-22.171547
1237654028714967052,5327804083670282240,116,164.654012601,1.421438681,-20.626979,13267576487.079603,0.039220121,3.623303750030279,,,,4,4,164.611091103,1.382912157,-22.171547
1237654602106732592,653148704412297216,117,164.810996573,5.292032395,-22.263849,59915556854.52222,0.036521896,0.0,11.07583,-1.235343,-12.311173,1,1,164.810996573,5.292032395,-22.263849
1237654602106732681,653150078801831936,117,164.789326004,5.27572723,-20.406317,10827465285.750118,0.037451036,1.6993540369565256,10.26464,-1.445339,-11.709979,2,3,164.810996573,5.292032395,-22.263849
1237654602106732699,653151178313459712,117,164.815078262,5.191542767,-20.408571,10849966568.122374,0.035749413,6.3191124071477365,10.22885,-1.658392,-11.887242,4,2,164.810996573,5.292032395,-22.263849
1237654602106732720,653154476848343040,117,164.844605617,5.281921434,-19.829594,6365574422.22349,0.038287138,2.1966079623585673,9.889784,-0.2837529,-10.1735369,3,4,164.810996573,5.292032395,-22.263849
1237654604791545887,653029682278590464,121,166.17462696,4.297345904,-21.996695,46846591754.08911,0.026316276,0.0,10.94604,-1.518429,-12.464469,1,1,166.17462696,4.297345904,-21.996695
1237654604791545959,654219903414331392,121,166.246364234,4.2911475,-21.185886,22200072870.48098,0.026628218,4.511573271173066,10.47624,0.6422124,-9.8340276,4,2,166.17462696,4.297345904,-21.996695
1237654604791545888,654231448286423040,121,166.189452742,4.298692718,-20.887749,16869398595.575727,0.02643546,0.9327581914735694,10.36794,0.07980536,-10.28813464,2,3,166.17462696,4.297345904,-21.996695
1237654604791546018,653028307889055744,121,166.206506214,4.276691308,-19.436089,4430325138.861591,0.026100317,2.381998699521912,9.893738,-1.29921,-11.192948,3,4,166.17462696,4.297345904,-21.996695
1237664819818987529,2285638167367280640,128,167.481121312,36.94649092,-21.828906,40138616580.98091,0.031113712,0.0,10.76637,-0.09757546,-10.86394546,1,1,167.481121312,36.94649092,-21.828906
1237664819818987565,2285640641268443136,128,167.55521081,36.966540276,-21.544035,30875500048.358353,0.029669378,3.927432493956558,10.73842,-1.75035,-12.48877,4,2,167.481121312,36.94649092,-21.828906
1237664819818987566,5208416362330517504,128,167.551059397,36.964763431,-21.498461,29606318029.735756,0.030717285,3.694443655976725,,,,3,3,167.481121312,36.94649092,-21.828906
1237664819818987690,2285641191024257024,128,167.467823009,37.001940524,-21.171497,21907801638.071857,0.030690424,3.5473742505975117,10.39088,-0.2873294,-10.6782094,2,4,167.481121312,36.94649092,-21.828906
1237667431715766291,2492841963204667392,131,168.013928628,27.589778419,-22.88358,106030790683.01562,0.036009084,0.0,11.29346,-1.116188,-12.409648,1,1,168.013928628,27.589778419,-22.88358
1237667431715766292,2491640471839860736,131,168.016536801,27.566825063,-21.053956,19659949593.40608,0.037412289,1.449498451857831,10.68693,-1.579226,-12.266156,3,2,168.013928628,27.589778419,-22.88358
1237667431715766293,2491641021595674624,131,168.034602089,27.571036361,-21.02406,19125993330.689445,0.034275225,1.6469137357547383,10.67525,-1.679997,-12.355247,4,3,168.013928628,27.589778419,-22.88358
1237667431715766294,2492842512960481280,131,168.033622581,27.575933301,-19.947001,7092517238.005329,0.035641912,1.399874224489008,10.15139,-1.967847,-12.119236999999998,2,4,168.013928628,27.589778419,-22.88358
1237662223525871655,2293611275046905856,142,171.069765723,38.015436737,-22.029403,48279326163.27386,0.036453983,0.0,11.0522,-1.575914,-12.628114,1,1,171.069765723,38.015436737,-22.029403
1237662223525871715,2293617872116672512,142,171.094569103,37.9966752,-20.549921,12358575070.93452,0.036408326,1.7022123049540356,10.49055,-2.036535,-12.527085,2,2,171.069765723,38.015436737,-22.029403
1237662223525806268,2293608526267836416,142,171.032298553,37.965074132,-20.017474,7568147714.477015,0.036237967,3.668175834822573,9.781722,-0.2379265,-10.0196485,3,3,171.069765723,38.015436737,-22.029403
1237662223525806252,2293609076023650304,142,171.003350883,37.959123202,-19.789352,6133958028.439656,0.036872435,4.830776458083972,10.06968,-1.688842,-11.758522,4,4,171.069765723,38.015436737,-22.029403
1237664337177477186,5199445995926777856,147,171.890929976,36.060982228,-22.285636,61130000592.61811,0.035518344,0.0,,,,1,1,171.890929976,36.060982228,-22.285636
1237664337177477185,2379141460306978816,147,171.88706134,36.071329673,-21.725017,36475965813.392555,0.035327794,0.6791910481037277,10.73972,-1.175663,-11.915383,2,2,171.890929976,36.060982228,-22.285636
1237664337177542740,2379138986405816320,147,171.941829501,36.099397544,-20.587128,12789430316.566011,0.035172691,3.536468813567498,10.03356,0.1329546,-9.9006054,3,3,171.890929976,36.060982228,-22.285636
1237664337177542775,2379138161772095488,147,171.961873802,36.097663564,-19.987244,7360335315.780616,0.035621676,4.2767444376956485,10.14146,-1.656106,-11.797566,4,4,171.890929976,36.060982228,-22.285636
1237657628452388926,990871947204126720,154,173.750076931,51.217992014,-22.37362,66289997097.19535,0.027616057,0.0,11.10226,-0.9420887,-12.0443487,1,1,173.750076931,51.217992014,-22.37362
1237657628452389042,990873871349475328,154,173.806874631,51.161938832,-20.911427,17241331415.17007,0.027166149,4.172117354718922,10.55819,-1.17077,-11.72896,4,2,173.750076931,51.217992014,-22.37362
1237657628452389069,990872496959940608,154,173.815140307,51.203793553,-20.420391,10968731357.048067,0.025304727,2.711919289729194,10.35082,-1.721276,-12.072096,3,3,173.750076931,51.217992014,-22.37362
1237657628452389021,990871672326219776,154,173.78630376,51.240227813,-19.69342,5615235822.466217,0.027567081,1.9959016771944744,9.952991,-0.3557051,-10.3086961,2,4,173.750076931,51.217992014,-22.37362
1237661811196624933,1809347040543533056,158,174.533366492,11.196374987,-22.050321,49218502962.45381,0.036883403,0.0,10.55154,0.5725314,-9.979008599999998,1,1,174.533366492,11.196374987,-22.050321
1237661811196625002,1809345666153998336,158,174.531532101,11.233125765,-20.516438,11983266007.490437,0.036676527,2.311885539913294,10.12929,0.05747603,-10.07181397,2,2,174.533366492,11.196374987,-22.050321
1237661811196559464,1809356111514462208,158,174.44187394,11.228098912,-20.149264,8544872757.792625,0.036709879,5.980854568648472,10.11798,-1.179723,-11.297702999999998,4,3,174.533366492,11.196374987,-22.050321
1237661948639445082,1809346490787719168,158,174.514663965,11.263929129,-19.691648,5606078826.017057,0.036848355,4.3982656291956195,9.965645,-0.3689469,-10.3345919,3,4,174.533366492,11.196374987,-22.050321
1237665126930055238,2361073186113611776,165,176.058210937,33.514508725,-22.934429,111114720968.04568,0.032671117,0.0,11.34673,-1.245696,-12.592426,1,1,176.058210937,33.514508725,-22.934429
1237665126930055405,2361074010747332608,165,176.013974701,33.535063144,-21.130519,21096363502.789818,0.032030528,2.6526854182033284,10.72958,-1.5512,-12.28078,3,2,176.058210937,33.514508725,-22.934429
1237665126930055448,2361076209770588160,165,176.038755981,33.482270233,-20.994316,18609144148.885246,0.032400578,2.2676317389291474,10.52691,-1.76565,-12.292560000000002,2,3,176.058210937,33.514508725,-22.934429
1237665126930055406,5231019297321185280,165,176.01803787,33.542761289,-20.484993,11641185240.36809,0.032779849,2.752937334746296,,,,4,4,176.058210937,33.514508725,-22.934429
1237665370120847454,2361075385136867328,167,176.1074037,33.35507716,-22.419369,69142901461.38618,0.031989543,0.0,11.12404,-1.55246,-12.6765,1,1,176.1074037,33.35507716,-22.419369
1237665370120847399,2361062465875240960,167,176.187048189,33.320957482,-21.418979,27516399108.597534,0.031991918,4.698341239352329,10.48595,-0.5534245,-11.0393745,4,2,176.1074037,33.35507716,-22.419369
1237665370120782013,2361072911235704832,167,176.071364662,33.351379198,-20.807041,15660888588.36358,0.033145,1.9056637989879357,10.1497,0.1132723,-10.0364277,3,3,176.1074037,33.35507716,-22.419369
1237665370120847519,2361077034404308992,167,176.133527643,33.367624766,-20.331865,10109879983.011978,0.033401318,1.5814672468670978,10.24132,-1.722759,-11.964079,2,4,176.1074037,33.35507716,-22.419369
1237658312939798567,1073141805979035648,173,179.04299365,60.522524294,-23.289736,154132562945.27612,0.033635215,0.0,11.21403,0.7346412,-10.4793888,1,1,179.04299365,60.522524294,-23.289736
1237655108913594378,1074202834599176192,173,179.113529731,60.418207264,-21.543176,30851081994.057327,0.03298466,6.908838839280879,10.93887,-0.9480965,-11.8869665,4,2,179.04299365,60.522524294,-23.289736
1237658312939798811,1073142080856942592,173,178.973717824,60.529409535,-20.906373,17161261142.08328,0.033375824,2.184925346951533,10.3846,0.1970965,-10.1875035,2,3,179.04299365,60.522524294,-23.289736
1237655108913594468,1074202284843362304,173,179.156232314,60.489425716,-20.220142,9121301261.659103,0.032708787,4.0737627926518405,10.26546,-0.8759763,-11.1414363,3,4,179.04299365,60.522524294,-23.289736
1237648722841043066,320981561388328960,175,179.274744468,1.125520071,-21.834747,40355134582.56312,0.040743867,0.0,11.07703,-0.2493058,-11.3263358,1,1,179.274744468,1.125520071,-21.834747
1237648722841042953,320969741638330368,175,179.23753974,1.11586538,-21.155391,21585216053.01247,0.040517472,2.4146366463909223,10.41704,0.4585905,-9.9584495,2,2,179.274744468,1.125520071,-21.834747
1237648722840977489,320971665783678976,175,179.225933897,1.099266797,-19.892806,6747181610.513178,0.040634543,3.481819221402454,9.788215,-0.1778816,-9.966096599999998,4,3,179.274744468,1.125520071,-21.834747
1237648722841043030,320970016516237312,175,179.242700953,1.148015006,-19.147988,3397779564.415753,0.040271532,2.459612105301797,9.325481,-0.5592751,-9.8847561,3,4,179.274744468,1.125520071,-21.834747
1237667733971337221,2978087792082446336,188,183.326072262,21.634290799,-22.152063,54053671751.97731,0.025393122,0.0,11.0393,-1.268257,-12.307557,1,1,183.326072262,21.634290799,-22.152063
1237667781760319536,2978087517204539392,188,183.353211386,21.668942414,-20.145199,8512940539.93283,0.026455573,2.692988282163817,10.28206,-2.056398,-12.338458,3,2,183.326072262,21.634290799,-22.152063
1237667781760319656,2976895642120513536,188,183.324202647,21.654360126,-19.628557,5289599611.57119,0.024941282,1.265711465178205,9.626383,-0.3642487,-9.9906317,2,4,183.326072262,21.634290799,-22.152063
1237667781760319651,2978085318181283840,188,183.317006847,21.697054256,-19.767762,6013188247.744654,0.0261736,3.978914494335795,9.936863,-1.636768,-11.573631,4,3,183.326072262,21.634290799,-22.152063
1237657591934025821,1147417394814150656,197,185.006272145,56.162916283,-21.879501,42053330854.3355,0.034438523,0.0,10.92494,-1.444156,-12.369096,1,1,185.006272145,56.162916283,-21.879501
1237657591934025805,1147416845058336768,197,185.003682927,56.117838972,-20.864451,16511266987.185469,0.034697482,2.8337410141280417,10.20167,-0.04362218,-10.24529218,3,2,185.006272145,56.162916283,-21.879501
1237657591934025877,1147436636267636736,197,185.143158877,56.131968186,-19.60988,5199385276.279837,0.034696108,5.170730881083804,9.790443,-0.2876882,-10.0781312,4,3,185.006272145,56.162916283,-21.879501
1237657591934025822,1480591959427934208,197,185.015241118,56.154485006,-19.295424,3891971039.6365128,0.034030274,0.6157334778511256,9.866722,-2.178504,-12.045226,2,4,185.006272145,56.162916283,-21.879501
1237657858222391375,7522381476890603520,204,187.131419886,53.596008054,-22.347527,64715870903.883835,0.03688905,0.0,,,,1,1,187.131419886,53.596008054,-22.347527
1237657858222456920,995443166914045952,204,187.134800748,53.604210771,-20.529786,12131497135.324833,0.037683249,0.5305838572346503,10.37391,-1.851181,-12.225091,2,2,187.131419886,53.596008054,-22.347527
1237657858222456990,995443716669859840,204,187.176380273,53.67493441,-20.445667,11227079553.34343,0.036981081,5.234317383858363,9.941386,0.007484436,-9.933901564,4,3,187.131419886,53.596008054,-22.347527
1237657858222391531,995442342280325120,204,187.088674852,53.624820442,-19.791243,6144650700.902838,0.035911751,2.4116757843201087,9.54019,-0.1056689,-9.6458589,3,4,187.131419886,53.596008054,-22.347527
1237657627919319142,995307377228015616,206,187.741751381,51.344149479,-21.881204,42119344143.52319,0.044652618,0.0,11.02117,-1.238261,-12.259431,1,1,187.741751381,51.344149479,-21.881204
1237657627919319141,1093404159920596992,206,187.726515573,51.341291353,-21.643956,33851849390.6949,0.044653091,0.6243670050324608,10.77621,0.3505617,-10.4256483,2,2,187.741751381,51.344149479,-21.881204
1237657627919384583,995307102350108672,206,187.751543246,51.359177982,-20.947436,17822737061.27836,0.043070434,1.019453352312072,10.52393,-1.267411,-11.791341,3,3,187.741751381,51.344149479,-21.881204
1237657627919319144,995309576251271168,206,187.714582107,51.33943525,-19.389491,4244205462.630648,0.04574445,1.106750514309304,9.692472,-0.1962133,-9.8886853,4,4,187.741751381,51.344149479,-21.881204
1237661152450183230,7514359440004018176,207,188.703831023,50.805173203,-22.67051,87137280148.43542,0.040254872,0.0,,,,1,1,188.703831023,50.805173203,-22.67051
1237661152450248784,7514359714881925120,207,188.747318165,50.851124637,-21.688803,35279400776.88787,0.040405223,3.363739139230518,,,,3,2,188.703831023,50.805173203,-22.67051
1237661152450248713,1438990836539877376,207,188.715039723,50.822608484,-20.240916,9297504559.301945,0.040844712,1.182417108070439,10.09862,-1.13414,-11.23276,2,3,188.703831023,50.805173203,-22.67051
1237661152450248875,1439001556778248192,207,188.780261349,50.886629664,-19.732235,5819611588.356911,0.040684315,5.948838960979617,10.02309,-1.369969,-11.393059,4,4,188.703831023,50.805173203,-22.67051
1237661435920646147,1638299040368060416,214,190.662310252,48.535993613,-21.889925,42459023327.9027,0.040021474,0.0,10.9049,-1.353948,-12.258848,1,1,190.662310252,48.535993613,-21.889925
1237661435920646302,1638296566466897920,214,190.759030169,48.579202544,-21.815583,39649087797.5075,0.040371084,4.852726723587266,10.60806,0.2662416,-10.3418184,4,2,190.662310252,48.535993613,-21.889925
1237661435920646283,1638297116222711808,214,190.698620644,48.579580309,-20.097053,8143689374.990331,0.039822626,3.1273374093237445,10.15932,-1.995403,-12.154723,2,3,190.662310252,48.535993613,-21.889925
1237661435920580738,1638294917199456256,214,190.629309158,48.607645044,-19.704084,5670659885.779166,0.040523412,4.706414639027514,9.824382,-0.4486634,-10.2730454,3,4,190.662310252,48.535993613,-21.889925
1237667443511590952,2522059011298191360,221,194.351489483,27.49781561,-22.643007,84957710456.44788,0.025375126,0.0,11.3907,-1.389942,-12.780642,1,1,194.351489483,27.49781561,-22.643007
1237667443511590950,2523188765300647936,221,194.39938792,27.493234743,-21.249829,23546784003.292606,0.02528353,2.6850808743837,10.79118,-1.576422,-12.367602000000002,3,3,194.351489483,27.49781561,-22.643007
1237667443511590954,2523195087492507648,221,194.345509764,27.492975407,-21.395363,26924348296.19257,0.02838205,0.4511796781786821,9.727204,-1.493168,-11.220372,2,2,194.351489483,27.49781561,-22.643007
1237667443511590951,2522057911786563584,221,194.400550641,27.484811802,-20.09805,8151170922.765958,0.025026951,2.8539739117616825,10.28716,-1.868483,-12.155643,4,4,194.351489483,27.49781561,-22.643007
1237667444048855053,2523304488899471360,224,195.358850418,27.885972956,-22.204734,56740557681.87108,0.019135605,0.0,10.92486,-1.528337,-12.453197,1,1,195.358850418,27.885972956,-22.204734
1237667444048855141,2524359195159980032,224,195.382517579,27.847499982,-21.187532,22233754194.2778,0.019108518,2.7516671528908416,10.62838,-1.839193,-12.467573,2,2,195.358850418,27.885972956,-22.204734
1237667444048789720,2524358095648352256,224,195.288477289,27.81830395,-19.761869,5980639157.516796,0.020633946,5.775927646345816,10.04818,-2.003258,-12.051438,4,3,195.358850418,27.885972956,-22.204734
1237667444048789861,2523301465242494976,224,195.306789001,27.914252701,-19.189179,3529162045.953419,0.020397612,3.393308626826809,9.725677,-2.027762,-11.753439,3,4,195.358850418,27.885972956,-22.204734
1237667323797962757,2523302564754122752,225,195.473879352,27.624446026,-22.421171,69257753449.28453,0.027096222,0.0,11.27549,-1.440205,-12.715695,1,1,195.473879352,27.624446026,-22.421171
1237667323797962850,2524387782462302208,225,195.532830666,27.648297685,-20.889369,16894587793.265965,0.023896658,3.607449218432033,10.14546,0.2962806,-9.8491794,4,2,195.473879352,27.624446026,-22.421171
1237667323797962933,2524374038566955008,225,195.504321613,27.65296927,-20.087048,8068990422.864551,0.024531416,2.46640094856918,10.12865,-1.740203,-11.868853,3,3,195.473879352,27.624446026,-22.421171
1237667323797897369,2523303664265750528,225,195.451563111,27.603961917,-19.867209,6589972465.343115,0.028339051,1.7889062442676122,10.16822,-1.509638,-11.677858,2,4,195.473879352,27.624446026,-22.421171
1237665025446510622,2269825820803491840,229,197.642349727,34.636230475,-21.95429,45052199646.591515,0.037612666,0.0,10.96543,-1.400714,-12.366144,1,1,197.642349727,34.636230475,-21.95429
1237665025446510739,2269826645437212672,229,197.684464787,34.670939619,-20.907945,17186126336.52345,0.037860529,3.081282798543821,10.62726,-1.710375,-12.337635,2,2,197.642349727,34.636230475,-21.95429
1237665025446510775,2269815100565121024,229,197.741589096,34.60932395,-20.71021,14324649357.630907,0.036949344,5.402499220929068,10.46136,-1.58185,-12.04321,4,3,197.642349727,34.636230475,-21.95429
1237665025446510745,2356609999024711680,229,197.686189388,34.685414651,-18.891566,2683035382.7256703,0.038178241,3.8319064233408913,9.702918,-1.192193,-10.895111,3,4,197.642349727,34.636230475,-21.95429
1237661949186474088,1910729160439916544,231,198.136728044,11.72896209,-22.403419,68134582642.82187,0.032070752,0.0,11.16475,-1.324029,-12.488779,1,1,198.136728044,11.72896209,-22.403419
1237661949186408622,1910724487515498496,231,198.089163831,11.673014504,-20.541847,12267012279.194813,0.031106989,4.57398496867717,10.28359,-1.611558,-11.895148,4,2,198.136728044,11.72896209,-22.403419
1237661949186408636,1910728335806195712,231,198.095091134,11.72766591,-20.255427,9422600971.588673,0.03296177,2.562800382244004,10.11996,-0.4125604,-10.5325204,3,3,198.136728044,11.72896209,-22.403419
1237661949186474090,1910724762393405440,231,198.123796909,11.742435798,-19.691295,5604256445.820674,0.031880888,1.1616882800737929,9.885147,-1.595899,-11.481046,2,4,198.136728044,11.72896209,-22.403419
1237661873482891334,1513327169382672384,239,202.96132845,44.152209581,-21.831916,40250047757.182594,0.035050865,0.0,10.83799,-1.313826,-12.151816,1,1,202.96132845,44.152209581,-21.831916
1237661873482891502,1513328543772207104,239,202.983497187,44.140502778,-20.944325,17771742009.192566,0.034138858,1.2409835036545882,10.53413,0.2528615,-10.2812685,2,2,202.96132845,44.152209581,-21.831916
1237661873482956896,1513325520115230720,239,203.045905378,44.073797411,-20.505897,11867487965.92956,0.03518227,6.231391974595992,9.939357,0.08989215,-9.84946485,4,3,202.96132845,44.152209581,-21.831916
1237661873482891322,1513325794993137664,239,202.912038204,44.11805388,-20.050049,7798653055.711189,0.035365357,3.0896688198062385,9.557428,0.16347,-9.393958,3,4,202.96132845,44.152209581,-21.831916
1237667323801501739,2527815236006733824,248,204.60443034,26.74247202,-22.107651,51887219665.32016,0.029291726,0.0,11.12831,-1.562472,-12.690782,1,1,204.60443034,26.74247202,-22.107651
1237667323801501740,2528860314410182656,248,204.586264467,26.759741162,-20.746257,14808218024.477192,0.031205396,1.4886814664234704,10.62775,-1.387404,-12.015154,2,2,204.60443034,26.74247202,-22.107651
1237667323801567341,2528861963677624320,248,204.668494882,26.730650108,-19.927276,6964828067.878465,0.030192478,3.670864285809242,10.22723,-0.9820534,-11.2092834,4,3,204.60443034,26.74247202,-22.107651
1237665532781789383,2527815510884640768,248,204.600685445,26.779288212,-19.30114,3912514859.658653,0.029879115,2.322750875416205,9.878386,-1.815545,-11.693931,3,4,204.60443034,26.74247202,-22.107651
1237661418747461670,1488565067996751872,259,206.412250683,56.616505963,-22.662169,86470426288.70944,0.035352979,0.0,11.19601,-1.08275,-12.27876,1,1,206.412250683,56.616505963,-22.662169
1237661418747461854,1488565617752565760,259,206.466758275,56.630409569,-20.176313,8760425486.537018,0.03516477,2.0767948580051487,10.18736,-1.982974,-12.170334,2,4,206.412250683,56.616505963,-22.662169
1237661418747527234,1488586783351400448,259,206.485012051,56.644063175,-20.221243,9130555485.87534,0.035529209,3.053091156837609,9.993683,-0.1690855,-10.1627685,3,2,206.412250683,56.616505963,-22.662169
1237661418747461776,1487480399322966016,259,206.239185406,56.630704355,-20.208284,9022223888.293575,0.036049126,6.04834543666595,9.836478,-0.1639541,-10.0004321,4,3,206.412250683,56.616505963,-22.662169
1237667783918026937,3118831328305375232,265,208.61171533,21.829993055,-21.816989,39700465588.89984,0.028536017,0.0,11.04929,-0.008905858,-11.058195858,1,1,208.61171533,21.829993055,-21.816989
1237667783918092311,3117790091079084032,265,208.689859639,21.829895529,-21.403193,27119220359.373245,0.028654471,4.55787109417575,10.70653,-1.537091,-12.243621,3,2,208.61171533,21.829993055,-21.816989
1237667783918092359,3117790640834897920,265,208.744724923,21.803410709,-20.276399,9606376415.560404,0.028556928,7.936411751714822,10.07185,-0.117251,-10.189101,4,3,208.61171533,21.829993055,-21.816989
1237667783918092392,3117791740346525696,265,208.650953796,21.79025336,-19.615394,5225857944.001075,0.028359654,3.3873143603344116,9.538691,-0.3910622,-9.9297532,2,4,208.61171533,21.829993055,-21.816989
1237655463774191677,886109928765286400,271,210.010861747,59.265244191,-22.289275,61335230258.871574,0.036278649,0.0,11.23055,-1.385867,-12.616416999999998,1,1,210.010861747,59.265244191,-22.289275
1237655368756625588,886108829253658624,271,209.859304253,59.236752372,-20.805012,15631649192.826431,0.036427232,5.187405817792146,10.46189,-1.175022,-11.636912,3,2,210.010861747,59.265244191,-22.289275
1237655463774126344,886110753399007232,271,209.8520558,59.259703755,-20.711999,14348271967.072924,0.037375284,5.1117183040318075,10.56311,-1.787387,-12.350497,2,3,210.010861747,59.265244191,-22.289275
1237655463774126308,886107454864123904,271,209.821870102,59.297478892,-19.490148,4656495633.033703,0.035947135,6.395057811895309,9.29801,-0.2082277,-9.5062377,4,4,210.010861747,59.265244191,-22.289275
1237651273515794444,560834526335494144,276,211.489018571,65.690728006,-22.317923,62975148460.92581,0.032089326,0.0,11.14224,-1.342214,-12.484454,1,1,211.489018571,65.690728006,-22.317923
1237651273515794443,560823806097123328,276,211.472294173,65.707697908,-21.080275,20142343593.193462,0.031341658,1.1506070390101482,10.58702,-1.469974,-12.056994,2,2,211.489018571,65.690728006,-22.317923
1237651273515794622,560822981463402496,276,211.453697638,65.787218395,-21.036531,19346945132.081467,0.031391579,6.130865030469606,10.54362,-0.2315926,-10.7752126,4,3,211.489018571,65.690728006,-22.317923
1237651273515794447,7865569572366774272,276,211.46167905,65.716715191,-20.139607,8469208017.98356,0.031401763,1.7792328444743464,,,,3,4,211.489018571,65.690728006,-22.317923
1237661418749034578,1491921876509812736,279,212.332459511,55.282339818,-22.002657,47104543574.65128,0.042155389,0.0,10.87253,-1.105839,-11.978369,1,1,212.332459511,55.282339818,-22.002657
1237661418749034793,1490830066932803584,279,212.382653459,55.264763773,-20.250834,9382824647.155218,0.042541662,2.108850481692216,10.32336,0.05436537,-10.26899463,2,4,212.332459511,55.282339818,-22.002657
1237661418749034784,1491918303097022464,279,212.388556113,55.259023842,-20.330638,10098461172.50802,0.042977657,2.4856044488315923,10.32641,-1.835046,-12.161456,3,3,212.332459511,55.282339818,-22.002657
1237661388141232227,1490830616688617472,279,212.248945745,55.229827252,-20.341804,10202852307.011274,0.042633312,4.453036571508417,10.25765,0.09991295,-10.15773705,4,2,212.332459511,55.282339818,-22.002657
1237665329327440086,2398187207652304896,289,216.308485082,27.865166004,-21.943679,44614044897.876816,0.038357408,0.0,11.03289,-1.313361,-12.346251,1,1,216.308485082,27.865166004,-21.943679
1237665329327439991,6768932332528922624,289,216.244305848,27.817352443,-21.875167,41885798583.45352,0.038908682,4.662579418603436,,,,2,2,216.308485082,27.865166004,-21.943679
1237665329327439950,2398185558384863232,289,216.220791506,27.883487683,-21.731911,36708310790.73592,0.038458057,5.004852228654176,10.77138,-0.9857006,-11.7570806,3,3,216.308485082,27.865166004,-21.943679
1237665329327440040,2398167141565097984,289,216.26237415,27.757441495,-21.441366,28089654664.618877,0.037229981,7.237387658906037,10.31821,0.2094745,-10.1087355,4,4,216.308485082,27.865166004,-21.943679
1237661950805082192,1922078881683105792,291,216.894621769,11.330623669,-22.230003,58076602223.49187,0.027415223,0.0,11.06598,-1.366112,-12.432092,1,1,216.894621769,11.330623669,-22.230003
1237661950805082313,1922067611688921088,291,216.810698911,11.339082111,-21.851926,40998729624.74879,0.028518581,5.197423182566518,10.95912,-1.675835,-12.634955,4,2,216.894621769,11.330623669,-22.230003
1237662199889461436,1922070085590083584,291,216.843252164,11.271468404,-20.111307,8251308028.343512,0.027979412,4.881855091844534,10.22942,-1.704891,-11.934311,3,3,216.894621769,11.330623669,-22.230003
1237661950805082271,1922085203874965504,291,216.887603162,11.36997896,-20.027788,7640384238.5404625,0.025514903,2.5102813502266703,9.987668,-1.140231,-11.127899,2,4,216.894621769,11.330623669,-22.230003
1237661418750476311,1493098903740901376,293,217.452067863,53.96501454,-22.800896,98255846146.39772,0.043485321,0.0,11.24418,-1.241375,-12.485555,1,1,217.452067863,53.96501454,-22.800896
1237661418750476312,1493102202275784704,293,217.454803036,53.992949655,-20.765219,15069109892.064396,0.042938608,1.7581223095432377,10.37387,-1.61258,-11.98645,2,2,217.452067863,53.96501454,-22.800896
1237661418750476514,1493113747147876352,293,217.542266628,53.98225089,-20.007211,7496946299.272169,0.04335545,3.5048170322796732,10.17349,-1.851407,-12.024897,4,3,217.452067863,53.96501454,-22.800896
1237661418750476491,1493112097880434688,293,217.507340468,53.985486739,-19.867806,6593597006.342052,0.041218562,2.413809440589405,10.06265,-1.970848,-12.033498,3,4,217.452067863,53.96501454,-22.800896
1237667912217985078,3140235521918265344,303,219.972957917,21.553257642,-21.90288,42968678779.03228,0.040462716,0.0,10.97365,-1.320079,-12.293729,1,1,219.972957917,21.553257642,-21.90288
1237665567146115211,3140236346551986176,303,219.992100442,21.596995624,-21.28802,24389786575.12314,0.040641983,2.967033132998821,10.97938,-1.979601,-12.958981,4,2,219.972957917,21.553257642,-21.90288
1237665567146115095,3140236896307800064,303,219.987643088,21.561593126,-21.029004,19213283898.260643,0.040967928,1.0053481638140205,10.6238,-1.50601,-12.12981,2,3,219.972957917,21.553257642,-21.90288
1237667912217919745,3140228375092684800,303,219.931150404,21.539245271,-19.25879,3762842148.35187,0.040508376,2.5970711852447543,9.44488,-0.5246723,-9.9695523,3,4,219.972957917,21.553257642,-21.90288
1237662198280421436,1926449434531489792,304,220.370925878,9.430923551,-21.917034,43532499128.67558,0.028785222,0.0,10.94616,-1.047421,-11.993581,1,1,220.370925878,9.430923551,-21.917034
1237662239092375556,1926453007944280064,304,220.47899977,9.382705946,-21.906806,43124333899.49619,0.031004317,7.352370570534066,10.97883,-1.375772,-12.354602,3,2,220.370925878,9.430923551,-21.917034
1237662198280487181,1926451358676838400,304,220.519978121,9.382589026,-19.988146,7366452622.128947,0.028879201,9.725615043592024,9.701374,-1.016038,-10.717412,4,3,220.370925878,9.430923551,-21.917034
1237662239092310233,1926452183310559232,304,220.422032614,9.338980005,-19.987509,7362132001.66187,0.03195176,6.588680373968119,9.808773,-0.2395778,-10.0483508,2,4,220.370925878,9.430923551,-21.917034
1237648704057573661,346787094795937792,309,223.045971412,-0.256103918,-22.323488,63298759646.17747,0.043902061,0.0,11.09869,-0.8092076,-11.9078976,1,1,223.045971412,-0.256103918,-22.323488
1237648704057573499,346783246505240576,309,223.066930006,-0.293626469,-22.01614,47693149195.62885,0.044070931,2.700450162579726,10.94819,-1.088731,-12.036921,3,2,223.045971412,-0.256103918,-22.323488
1237648704057573747,346785995284310016,309,223.080903984,-0.269212651,-20.120548,8321836904.097528,0.044202509,2.344308405021479,10.1377,-0.1556452,-10.2933452,2,3,223.045971412,-0.256103918,-22.323488
1237648704057573731,346786545040123904,309,223.083197928,-0.225811649,-19.981974,7324695920.899589,0.045151508,3.015543104730041,9.65169,-0.1229701,-9.7746601,4,4,223.045971412,-0.256103918,-22.323488
1237651735776460868,605763320980465664,315,224.526016096,1.505716638,-21.969962,45707219213.116295,0.043599096,0.0,11.11865,-1.389519,-12.508169,1,1,224.526016096,1.505716638,-21.969962
1237655468597182863,606934025784813568,315,224.535371621,1.519725324,-21.047553,19544348588.013485,0.045066291,1.0583169752786232,10.81956,-1.448826,-12.268386,2,2,224.526016096,1.505716638,-21.969962
1237655468597182871,605766069759535104,315,224.535853179,1.548615704,-20.061475,7881157378.489965,0.042962366,2.765336377231813,10.15596,-1.503694,-11.659654,3,3,224.526016096,1.505716638,-21.969962
1237651735776461018,605765520003721216,315,224.492278869,1.473622644,-20.039103,7720424851.092208,0.044704003,2.9251960680168656,10.10781,-0.488326,-10.596136,4,4,224.526016096,1.505716638,-21.969962
1237667733988573256,3112153994609321984,316,224.865162541,16.645098413,-23.030818,121430336917.26662,0.034009232,0.0,11.38284,-1.220355,-12.603195,1,1,224.865162541,16.645098413,-23.030818
1237667733988573355,3127751666628061184,316,224.887816485,16.668576904,-21.173826,21954846245.823757,0.034142129,2.0089252170899807,10.73503,-1.575346,-12.310376,2,2,224.865162541,16.645098413,-23.030818
1237667733988573424,3127762386866432000,316,224.796204408,16.581808907,-20.478313,11569782640.146387,0.033926967,5.749050116654999,9.97814,-0.1591622,-10.1373022,4,3,224.865162541,16.645098413,-23.030818
1237667733988638844,3112152620219787264,316,224.945279012,16.674564543,-20.308307,9892881340.66652,0.034613348,5.1657372227250535,10.19986,-1.417322,-11.617182,3,4,224.865162541,16.645098413,-23.030818
1237659131675213861,1181082517449500672,322,226.618937883,46.344193946,-21.819336,39786377593.80836,0.036727564,0.0,11.00734,-1.125573,-12.132913,1,1,226.618937883,46.344193946,-21.819336
1237659131675148382,1181093512565778432,322,226.528331598,46.335284898,-20.90106,17077488438.950209,0.037369636,3.9699730887907103,10.49287,-1.805241,-12.298111,2,2,226.618937883,46.344193946,-21.819336
1237659131675148445,1182290880225110016,322,226.520010616,46.369620678,-19.213864,3610319191.825923,0.036760692,4.577737210417728,9.665421,-0.5055457,-10.1709667,4,3,226.618937883,46.344193946,-21.819336
1237659131675148384,1182292254614644736,322,226.51832449,46.335511959,-18.975685,2899172122.6218905,0.037324736,4.398348131538854,9.720794,-1.838562,-11.559356,3,4,226.618937883,46.344193946,-21.819336
1237661950272471286,1933311217561004032,323,226.650594164,9.649493156,-22.344763,64551330773.919914,0.044722761,0.0,11.15991,-1.244122,-12.404032,1,1,226.650594164,9.649493156,-22.344763
1237661950272471191,1933310118049376256,323,226.58588964,9.64928512,-21.67136,34717144734.51643,0.044823877,4.008007343755602,10.85098,-1.440097,-12.291077,4,2,226.650594164,9.649493156,-22.344763
1237661950272471287,1933310667805190144,323,226.648851258,9.667307888,-20.106269,8213109253.598277,0.046002131,1.1245267460947,10.123,-1.166895,-11.289895,2,3,226.650594164,9.649493156,-22.344763
1237661950272471275,1933311492438910976,323,226.635928689,9.690803402,-19.699284,5645645440.806601,0.045112785,2.749957207366246,10.00999,-0.4954476,-10.5054376,3,4,226.650594164,9.649493156,-22.344763
1237651822714028248,663176520084252672,324,226.68288341,3.776844281,-21.842835,40656875514.110374,0.035636052,0.0,10.88045,-1.223522,-12.103972,1,1,226.68288341,3.776844281,-21.842835
1237651822714028249,5377403053266366464,324,226.690884456,3.772572327,-21.504507,29771642821.361984,0.034827235,0.5689280404627423,,,,2,2,226.68288341,3.776844281,-21.842835
1237651822714028425,663318357084235776,324,226.691244606,3.847613313,-20.25593,9426967286.63957,0.038401964,4.4773400274947175,9.591989,0.1344612,-9.4575278,3,3,226.68288341,3.776844281,-21.842835
1237651822714028226,5377404152777994240,324,226.683887225,3.862326678,-20.056735,7846825594.876198,0.037882522,5.371386075302531,,,,4,4,226.68288341,3.776844281,-21.842835
1237662198284157184,1935446469024704512,330,228.911217188,8.300752801,-21.973438,45853786022.328415,0.03449395,0.0,11.17926,0.7630174,-10.4162426,1,1,228.911217188,8.300752801,-21.973438
1237662198284157251,1935446194146797568,330,228.929419441,8.340926939,-20.428438,11050328786.10422,0.035030819,2.7662750477662588,10.21111,-0.7964892,-11.0075992,4,2,228.911217188,8.300752801,-21.973438
1237662198284157166,1935448393170053120,330,228.893257955,8.311002223,-20.029506,7652483467.21197,0.035279354,1.288978353948105,10.05386,-0.08653831,-10.14039831,2,3,228.911217188,8.300752801,-21.973438
1237662264859689260,1935445644390983680,330,228.929323892,8.286129098,-19.40289,4296907453.701158,0.034608491,1.45314755441425,9.846138,-1.84661,-11.692748,3,4,228.911217188,8.300752801,-21.973438
1237665549969588378,4453012292149899264,333,229.853077991,20.896319496,-23.254116,149157947985.6218,0.040893924,0.0,,,,1,1,229.853077991,20.896319496,-23.254116
1237665549969588377,2427603002790537216,333,229.851066996,20.890772562,-22.316032,62865561656.30663,0.040383368,0.3679727544423762,11.00099,-1.265853,-12.266843,3,2,229.853077991,20.896319496,-23.254116
1237665549969653903,2430919676310611968,333,229.882439485,20.883559542,-21.224562,23005135733.17099,0.039499961,1.900912680506136,10.71608,-1.795175,-12.511255,4,4,229.853077991,20.896319496,-23.254116
1237665549969588379,4447493293567832064,333,229.85763495,20.899511729,-21.750703,37349191065.12848,0.040699773,0.3343340949212949,,,,2,3,229.853077991,20.896319496,-23.254116
1237659163880849535,1498716858436577280,337,231.266713288,48.457176013,-22.057246,49533429743.31946,0.039399044,0.0,11.11333,-1.06835,-12.18168,1,1,231.266713288,48.457176013,-22.057246
1237659163880914976,1498730877209831424,337,231.345892668,48.440122907,-21.595386,32370872112.02679,0.037435089,3.469462333006134,10.84051,-1.392979,-12.233489,3,2,231.266713288,48.457176013,-22.057246
1237659163880915172,1498727578674948096,337,231.343525709,48.464889704,-20.361323,10387934438.55403,0.03704811,3.236928742216435,10.41213,-1.55417,-11.9663,2,3,231.266713288,48.457176013,-22.057246
1237659163880915192,1498730052576110592,337,231.325804684,48.41212441,-19.383084,4219233881.9242826,0.037461025,3.75244811710969,9.389134,-0.3563952,-9.7455292,4,4,231.266713288,48.457176013,-22.057246
1237662238560682244,2048170061511813120,341,232.373444842,7.573251432,-23.380884,167630715993.58972,0.044165814,0.0,11.57429,-0.9558443,-12.5301343,1,1,232.373444842,7.573251432,-23.380884
1237662238560682037,5500170124969832448,341,232.346122367,7.617412845,-22.105001,51760730868.42992,0.043652076,3.2549726228306346,,,,4,2,232.373444842,7.573251432,-23.380884
1237662238560682220,2048157142250186752,341,232.342752448,7.537712997,-20.737274,14686205470.358845,0.044457504,2.939508254900062,10.46116,-1.491896,-11.953056,3,3,232.373444842,7.573251432,-23.380884
1237662238560682390,2048169786633906176,341,232.391340971,7.546844242,-20.548405,12341330987.456036,0.043133026,1.9988701719149384,10.38773,-1.568464,-11.956194,2,4,232.373444842,7.573251432,-23.380884
1237662697036251250,2081815655434184704,354,236.095627041,25.327537611,-22.798698,98057134993.86928,0.032320264,0.0,11.38314,-1.429223,-12.812363,1,1,236.095627041,25.327537611,-22.798698
1237662697036251461,2081816205189998592,354,236.078971938,25.300872251,-20.681853,13955365004.326986,0.032771708,1.924049659884994,10.38694,-0.8781909,-11.2651309,3,2,236.095627041,25.327537611,-22.798698
1237662697036251506,2081800537149302784,354,236.182904249,25.394209071,-19.834286,6393142724.461807,0.03256581,6.4887232027312916,10.0752,-1.54784,-11.62304,4,3,236.095627041,25.327537611,-22.798698
1237662697036251443,2081814830800463872,354,236.071794772,25.335227144,-19.617159,5234360138.534611,0.032340632,1.4370966433520536,9.942271,-1.552818,-11.495089,2,4,236.095627041,25.327537611,-22.798698
1237662306199666786,1567371464926062592,360,239.64501231,27.618251133,-21.984874,46339313970.81171,0.031499504,0.0,11.07238,-1.443293,-12.515673,1,1,239.64501231,27.618251133,-21.984874
1237662306199666875,1566157878883018752,360,239.666972148,27.582876005,-20.870213,16599125175.499222,0.031389482,2.536821488020641,10.61419,-1.583676,-12.197866,3,2,239.64501231,27.618251133,-21.984874
1237662306199666769,1566157604005111808,360,239.578472097,27.544815977,-20.079496,8013060098.65436,0.031936674,5.917926201655666,10.17981,-1.497031,-11.676841,4,3,239.64501231,27.618251133,-21.984874
1237662306199667123,1567369540780713984,360,239.676644466,27.618082993,-19.249244,3729903535.2591143,0.030482318,1.7610754290090145,9.700494,-1.137815,-10.838309,2,4,239.64501231,27.618251133,-21.984874
1237665429182677378,2476003213510207488,365,241.380341202,17.963632268,-22.615178,82807791103.81364,0.039622705,0.0,11.2951,-0.9107653,-12.2058653,1,1,241.380341202,17.963632268,-22.615178
1237665442071838763,2472631010978719744,365,241.360842768,17.909898454,-21.58042,31927726902.21782,0.041255641,3.5717314461754555,10.93473,-1.519062,-12.453792,4,2,241.380341202,17.963632268,-22.615178
1237665442071838761,2477081839768987648,365,241.372636479,17.928613977,-21.105347,20612885933.910885,0.040250154,2.247947376653386,10.863,-0.1583978,-11.0213978,2,3,241.380341202,17.963632268,-22.615178
1237665442071839032,2477079365867825152,365,241.341624199,17.970288444,-20.477769,11563987139.157492,0.039708317,2.351520448782664,10.38894,-1.862128,-12.251068,3,4,241.380341202,17.963632268,-22.615178
1237665534931894451,2477101081222473728,368,241.561817567,18.182884231,-21.989393,46532587214.23126,0.039669834,0.0,10.82897,0.4675635,-10.3614065,1,1,241.561817567,18.182884231,-21.989393
1237665534931894452,3340602275113494528,368,241.567182984,18.170928267,-20.458155,11356957485.077112,0.039748795,0.816648117152835,10.4544,-1.810499,-12.264899,3,2,241.561817567,18.182884231,-21.989393
1237665534931894732,2477103830001543168,368,241.593540342,18.188348873,-19.226136,3651357867.584279,0.039579797,1.924517791902297,9.559221,-0.5007062,-10.0599272,4,4,241.561817567,18.182884231,-21.989393
1237665534931894453,2476014208626485248,368,241.571685109,18.183426119,-19.236411,3686076973.3798018,0.038621459,0.5900189395328608,9.0988,-0.3459899,-9.4447899,2,3,241.561817567,18.182884231,-21.989393
1237665535468765463,3341765283554551808,369,241.791169072,18.641280218,-22.289157,61328564584.59723,0.039044937,0.0,10.71805,-9999.0,-10009.71805,1,1,241.791169072,18.641280218,-22.289157
1237665535468765571,3340578360735590400,369,241.799323661,18.610093993,-21.094498,20407941467.817863,0.038238707,2.0187462804192937,10.33094,-9999.0,-10009.33094,3,2,241.791169072,18.641280218,-22.289157
1237665535468765464,3340579460247218176,369,241.794250664,18.659790379,-21.066748,19892950409.766045,0.038334232,1.1774077405431578,10.13071,-9999.0,-10009.13071,2,3,241.791169072,18.641280218,-22.289157
1237665535468765536,3340583308537915392,369,241.815800589,18.694657082,-20.253655,9407235147.896338,0.03872658,3.660267714500298,10.02802,-9999.0,-10009.02802,4,4,241.791169072,18.641280218,-22.289157
1237662504832270395,1894957770583599104,373,243.167265466,33.034895563,-22.190434,55998139743.971466,0.032196869,0.0,11.12121,-1.284259,-12.405469,1,1,243.167265466,33.034895563,-22.190434
1237662504832270396,1597813099010746368,373,243.172217992,33.037720131,-21.872654,41788963559.22307,0.031679013,0.3155126233522534,10.72501,-1.766749,-12.491758999999998,2,2,243.167265466,33.034895563,-22.190434
1237662300835807413,1597824643882838016,373,243.236239176,33.051704677,-20.239496,9285352595.830832,0.031563206,3.7832111172342726,9.997313,-0.8184294,-10.8157424,3,3,243.167265466,33.034895563,-22.190434
1237662300835807439,1597824094127024128,373,243.25314059,33.035389065,-19.972957,7264116488.79072,0.031420599,4.523511906158808,10.15571,-1.840598,-11.996308,4,4,243.167265466,33.034895563,-22.190434
1237668272452862078,2846349258221709312,374,243.208074426,11.159791043,-22.713177,90629753755.52896,0.042733449,0.0,11.33134,-1.062367,-12.393707,1,1,243.208074426,11.159791043,-22.713177
1237668272452862530,2846351732122871808,374,243.225362287,11.123087346,-21.790366,38738821088.197464,0.040781514,2.5405150147183444,11.02459,-1.698286,-12.722876,2,2,243.208074426,11.159791043,-22.713177
1237668272452862219,2846347883832174592,374,243.229232582,11.082622585,-20.963853,18094275561.817787,0.041151697,5.021040794124073,10.51,-0.7179621,-11.2279621,4,3,243.208074426,11.159791043,-22.713177
1237668272452862569,2846348983343802368,374,243.215718203,11.106006564,-20.158524,8618061718.974918,0.043289451,3.41207579326716,10.27495,0.4752579,-9.7996921,3,4,243.208074426,11.159791043,-22.713177
1237662225165516860,1866759417211414528,386,247.1966171,21.49371335,-22.323884,63321850780.53997,0.036634865,0.0,11.14546,-1.24139,-12.38685,1,1,247.1966171,21.49371335,-22.323884
1237662225165451914,1866760791600949248,386,247.173745594,21.549121412,-20.526954,12099894954.6151,0.037617252,3.729249359165707,9.771627,-0.9178309,-10.6894579,3,2,247.1966171,21.49371335,-22.323884
1237662225165517232,1866750895996299264,386,247.249283386,21.55030151,-20.063075,7892780042.9992285,0.03590971,4.703019036209011,9.334122,-0.3694984,-9.7036204,4,3,247.1966171,21.49371335,-22.323884
1237662225165517146,1866759966967228416,386,247.163732561,21.499734579,-19.484397,4631896004.146894,0.037288725,1.95934075780952,9.904181,-0.638919,-10.5431,2,4,247.1966171,21.49371335,-22.323884
1237655373036912774,919946300621875200,390,248.45673758,39.263194437,-21.99482,46765760371.730965,0.031813259,0.0,10.7426,0.4482406,-10.2943594,1,1,248.45673758,39.263194437,-21.99482
1237655373036978215,1320836493308094464,390,248.426403032,39.185138168,-21.031804,19262896891.74444,0.029894404,5.121858841412758,10.44296,-1.00524,-11.4482,3,2,248.45673758,39.263194437,-21.99482
1237655373036912868,1320838417453443072,390,248.318044881,39.232437109,-20.161811,8644191907.91272,0.02971319,7.019768670803489,10.19556,-1.116828,-11.312388,4,4,248.45673758,39.263194437,-21.99482
1237655373036912756,919945475988154368,390,248.413125791,39.257644401,-20.287684,9706744537.621258,0.031527563,2.150149450842857,10.47356,-1.029903,-11.503463,2,3,248.45673758,39.263194437,-21.99482
1237661464918753463,1586531829463148544,391,248.726713775,26.274767034,-22.347613,64720997181.61176,0.044234669,0.0,11.30661,-1.359977,-12.666587,1,1,248.726713775,26.274767034,-22.347613
1237661464918753739,1586534853120124928,391,248.703778923,26.270824761,-20.972539,18239612184.271755,0.044539675,1.315702107575705,10.63436,-1.647437,-12.281797,3,2,248.726713775,26.274767034,-22.347613
1237661464918753719,3320360265593153536,391,248.707304415,26.282323507,-20.628696,13288574636.435184,0.043491095,1.1921178836667634,10.42644,-1.742429,-12.168869,2,3,248.726713775,26.274767034,-22.347613
1237661464918753709,1586533203852683264,391,248.710350668,26.306269782,-20.009316,7511495302.767559,0.042002778,2.1834830856299132,10.09131,-1.217669,-11.308979,4,4,248.726713775,26.274767034,-22.347613
1237659329780121695,1321937104313280512,393,249.474675718,36.073053206,-22.993961,117377376938.782,0.031402269,0.0,11.45621,-1.28555,-12.74176,1,1,249.474675718,36.073053206,-22.993961
1237659329780121629,1321924459929561088,393,249.446586349,36.114981847,-21.761294,37715302901.58863,0.032930425,2.9956988591357003,10.79478,-0.3688041,-11.1635841,3,3,249.474675718,36.073053206,-22.993961
1237659324957327415,1321937379191187456,393,249.499480841,35.995507176,-21.838779,40505276394.6099,0.032132605,5.032730106730779,10.94994,-1.232642,-12.182582,4,2,249.474675718,36.073053206,-22.993961
1237659324957262004,1321926933830723584,393,249.451918973,36.06085392,-20.573535,12630309707.216824,0.032102064,1.3868582221163326,10.42246,-1.688334,-12.110794,2,4,249.474675718,36.073053206,-22.993961
1237655473969299672,5847050106167816192,394,251.141803192,38.920509143,-22.536017,76985121584.10173,0.039341656,0.0,,,,1,1,251.141803192,38.920509143,-22.536017
1237655473969299673,921149716333357056,394,251.143398418,38.920593797,-21.350592,25836685574.780888,0.037437283,0.0781627185919048,10.59221,-1.526578,-12.118788,2,2,251.141803192,38.920509143,-22.536017
1237655473969299957,921149441455450112,394,251.131531499,38.870645568,-20.114685,8277019912.363404,0.038210211,3.173031033039845,10.10081,-1.550383,-11.651193,3,3,251.141803192,38.920509143,-22.536017
1237655375185117425,921148341943822336,394,251.209915482,38.960246461,-19.92932,6977952358.405631,0.038522573,4.161014415487804,9.950853,-0.7771632,-10.7280162,4,4,251.141803192,38.920509143,-22.536017
1237662302453039177,1899407216310511616,405,256.367088053,23.153194101,-21.876334,41930843600.64239,0.031034558,0.0,11.1572,-0.08013814,-11.23733814,1,1,256.367088053,23.153194101,-21.876334
1237662302452974056,1901734881034004480,405,256.249607143,23.169048797,-21.020003,19054659829.530582,0.030044206,6.859331737335799,10.18556,0.4193778,-9.7661822,4,2,256.367088053,23.153194101,-21.876334
1237662302452974098,1899406666554697728,405,256.256738847,23.157343929,-20.585584,12771255693.496609,0.03075243,6.380234799833859,9.70164,0.02403855,-9.67760145,3,3,256.367088053,23.153194101,-21.876334
1237662302453039694,1899405567043069952,405,256.350322207,23.1423555,-20.076148,7988388908.456307,0.031032235,1.1840616740970764,10.16291,-1.977955,-12.140865,2,4,256.367088053,23.153194101,-21.876334
