Group,Lum_BGG,Lum_group,FracLumBGG,z_group,DeltaR12,NbGal,RA_BGG,Dec_BGG,RA_Bary,Dec_Bary,Radius_Bary_arcmin,Offset_Bary,V_BGG,V_moy,Vdisp,Voffset,size_Group_Bary_kpc,M_group,M_virial,M_virial_over_L,t_cr,BGG_SFRcategory,all_SFR,Prop_M_Sat,Prop_M_Tot,Prop_G_Sat,Prop_G_Tot,Prop_Q_Sat,Prop_Q_Tot,dom,Misfit_Bary,Vmisfit,lMass_200,r_200_kpc,Class
7,55463644047.400536,77796997340.43456,0.7129278242538754,0.04165038075,1.4300439999999988,4,119.944232129,18.401779871,119.95237264059575,18.415984386028125,2.52352177642403,0.3844322346061357,106.84489643819008,4.973799150320701e-13,377.7931645478563,0.2828132069728201,139.45390982975618,-22.547407088115435,16880367353620.275,216.97967698872617,0.3274162415485546,Q,True,0.0,0.0,0.6666666666666666,0.5,0.3333333333333333,0.5,True,BCentered,VCentered,12.921674319742966,421.9313053715769,Split
25,39931571305.63517,61957048198.95252,0.6445040954405938,0.03802488075,1.0932920000000017,4,128.717113659,44.637127392,128.69961116423914,44.63037379123968,3.0098315722463607,0.2824384135974324,22.60353515232908,-1.0018652574217413e-12,138.73358378062295,0.1629276382571697,151.45140529619457,-22.30022679654604,5887096315725.472,95.01899278385896,0.9683120181638932,M,True,0.6666666666666666,0.75,0.0,0.0,0.3333333333333333,0.25,True,BCentered,VCentered,12.830967046991534,394.01342190376704,Embedded
26,41321226138.16374,55914847021.60611,0.7390027575716476,0.0314462744999999,2.0989600000000017,4,129.137933656,54.041457465,129.06568477743892,54.009790778860435,4.210088790271958,0.754654590899517,-156.19273995546934,9.983125437429408e-13,224.709146345899,0.6950884843603113,174.3560476496369,-22.188817852605915,14842067988472.62,265.4405543260716,0.688239961657664,Q,True,0.3333333333333333,0.25,0.3333333333333333,0.25,0.3333333333333333,0.5,True,BMisfit,VMisfit,12.669223393588656,348.7452756184132,Split
27,42253510813.71796,81847840785.15062,0.5162446609267654,0.0458903127499999,0.3591300000000004,4,129.932109624,53.013804705,129.93644257530187,53.00340006196592,3.456573991466567,0.1861896729129596,-341.022382328422,1.4992451724538114e-12,277.7185452426554,1.2279424192952495,211.10510071197064,-22.60251806711384,25675417463639.81,313.69694322220914,0.6742445815705569,Q,True,0.6666666666666666,0.5,0.0,0.0,0.3333333333333333,0.5,False,BCentered,VMisfit,14.067655145847407,1015.4125355994342,Predom
28,124849612857.94785,172681946012.08386,0.7230032770722377,0.04548640925,1.680627999999999,4,130.548902571,52.773058239,130.60277365379324,52.78062021653297,3.135091578859228,0.6402420603374829,-112.836193679647,4.973799150320701e-13,111.41340432393416,1.0127703606612413,189.73072281453588,-23.413117335563246,4805691278409.154,27.82972620700524,1.5105108057481782,Q,True,0.3333333333333333,0.25,0.3333333333333333,0.25,0.3333333333333333,0.5,True,BMisfit,VMisfit,14.067661014296515,1015.549400958051,Predom
33,62511914517.34464,130127839490.13235,0.480388476149909,0.04327342475,0.7716589999999997,4,132.67951554,1.350688604,132.6845744731502,1.3236930747816775,1.5755350705459388,1.0459381755630708,95.55535340431048,-9.992007221626409e-13,65.212862961357,1.465283826918233,90.56554904727076,-23.105925548158947,682118397318.5398,5.241909801862691,1.231837376201855,G,True,0.0,0.0,0.3333333333333333,0.5,0.6666666666666666,0.5,False,BMisfit,VMisfit,13.24120245146574,538.9202106757072,Embedded
42,62961171468.703606,101318222692.48135,0.6214200150332466,0.02394379475,1.4481740000000016,4,139.174411627,30.915418002,139.14725822751933,30.888945774105455,4.326543476552457,0.4890499068601921,25.981267736548016,-1.7763568394002505e-15,71.43269758845616,0.3637167377638935,135.67695743146368,-22.83421890715825,693732847064.7721,6.847068855228278,1.6847391363413473,Q,True,0.0,0.0,0.0,0.0,1.0,1.0,False,BCentered,VCentered,13.197135895008143,524.2179697182664,Embedded
46,52956783626.18142,68121475069.09307,0.7773875062521669,0.02359871325,2.156635999999999,4,140.543091777,33.848554343,140.5386239173351,33.887864456019955,2.842603092982453,0.8334214479252411,153.76061410571316,0.0,525.0233986061004,0.2928643075983596,87.83454415108066,-22.403210108481534,52059616869958.53,764.2174045285485,0.1483919399951545,Q,True,0.6666666666666666,0.5,0.0,0.0,0.3333333333333333,0.5,True,BMisfit,VCentered,13.19911195063713,525.070845449932,Split
52,75205915084.44658,115417905126.2303,0.6515966045493145,0.02732541175,1.4958479999999987,4,141.970101969,29.985751394,141.9953577445382,30.006297574333768,2.155835847515616,0.8352094160873271,63.948865325803624,-2.700062395888381e-13,376.10695801897606,0.1700284027252094,77.34665438916355,-22.97568296863342,23224389700899.586,201.21998987505037,0.1824121595743693,Q,True,0.3333333333333333,0.25,0.0,0.0,0.6666666666666666,0.75,True,BMisfit,VCentered,13.825752463831812,848.3718039638098,Predom
61,42858365082.915306,62618337683.70095,0.6844379245485942,0.0414547705,1.8374020000000009,4,146.313377495,34.712283344,146.33543748217207,34.70280939671908,1.009750538976076,1.2157693973902948,77.63839221950245,1.7763568394002505e-15,114.38282225559918,0.6787591938063231,55.53053301041907,-22.31175383576619,713429164611.0309,11.393294536413904,0.4306204533944396,M,True,0.0,0.25,0.0,0.0,1.0,0.75,True,BMisfit,VMisfit,12.7924239749764,382.10752802082067,Embedded
63,151467549747.76385,214222566639.75345,0.7070569273986839,0.03985396025,1.9375299999999989,4,147.467155964,34.714119475,147.40646528102363,34.680025844606206,5.875829205413792,0.6171063171320936,-69.74505073790046,-1.7763568394002505e-15,88.3216832592506,0.7896707599330715,310.29909093235364,-23.647163045918585,1151747007197.5562,5.376403734039782,3.1162822480307537,Q,False,0.3333333333333333,0.25,0.0,0.0,0.3333333333333333,0.5,True,BMisfit,VMisfit,14.18681973523859,1114.8266583946504,Embedded
73,72810564810.50262,92669932515.58052,0.7856978292097174,0.0222980435,2.2735920000000007,4,151.021883971,31.185462997,151.01531619246876,31.106199684981934,8.638116806690123,0.551942345180141,-210.20981230835255,2.629008122312371e-13,238.55179856135848,0.8811914794860968,251.957243987245,-22.73734711689449,25888836687679.367,279.3660897867461,0.9368450657864268,Q,True,0.6666666666666666,0.5,0.0,0.0,0.3333333333333333,0.5,True,BCentered,VMisfit,13.21490640236317,531.6929649966766,Embedded
80,66176226622.65028,150944901427.27765,0.4384131295387457,0.03061774375,0.4819940000000002,4,153.503134728,14.499680194,153.51842589126645,14.48454731590098,4.81264051072994,0.2639335431037262,107.373724614105,2.524647157997606e-13,139.35060368873476,0.7705293107588089,193.94068621205523,-23.267046120337255,3324166687483.788,22.02238469833516,1.2344789625335486,Q,False,0.0,0.0,0.0,0.0,0.6666666666666666,0.75,False,BCentered,VMisfit,13.268024226482408,552.3610395630067,Embedded
82,67893281495.84278,94468468966.53082,0.7186872216580186,0.0454732619999999,1.8063370000000027,4,154.492423795,37.18157765,154.4886397972063,37.1726144781925,3.2045069674663265,0.177063139645677,-124.1000466598873,1.4956924587750109e-12,175.61675796013438,0.7066526458030841,193.87374503326663,-22.7582171922019,9443233491836.14,99.96175014947872,0.9792118579227184,Q,True,0.6666666666666666,0.5,0.0,0.0,0.3333333333333333,0.5,True,BCentered,VMisfit,13.25003767816629,542.20283438495,Embedded
84,49804478845.83275,80129948726.12451,0.6215463710835392,0.0299475355,0.992955000000002,4,154.727076611,16.155514838,154.73860705679118,16.143500403994214,3.3521210752113233,0.292480575115741,-69.75288786098854,-7.105427357601002e-15,157.75382835927795,0.4421628849610492,132.0623817269525,-22.57948716210754,4570796132385.882,57.042294486027544,0.7425451021386739,Q,True,0.3333333333333333,0.25,0.6666666666666666,0.5,0.0,0.25,False,BCentered,VCentered,12.948507061913409,432.3244625205209,Embedded
99,83914304616.49171,114862424207.06757,0.730563586793325,0.04335695525,1.7266499999999994,4,157.584321087,21.221097068,157.57521644523587,21.195988254738033,2.883413854908391,0.5515271890523968,12.132627790747176,-4.973799150320701e-13,173.4668977380962,0.0699420347567739,166.07551326746062,-22.97044494490384,9079872966722.129,79.04998548832158,0.8492051347493839,Q,True,0.3333333333333333,0.25,0.0,0.0,0.6666666666666666,0.75,True,BCentered,VCentered,13.464956548743777,639.8784668784041,Embedded
101,55635500584.71171,95698010903.33968,0.5813652766608353,0.0311867007499999,0.8820799999999984,4,158.560057062,61.640479844,158.53199128475055,61.62413449499546,1.4595274153019306,0.867188139415859,115.49957207141028,7.442935157087049e-13,225.54969362779747,0.5120803766730322,59.93430864654951,-22.772257277496415,3581048880854.0874,37.42030630575118,0.2356985323917886,Q,False,0.0,0.0,0.3333333333333333,0.25,0.3333333333333333,0.5,False,BMisfit,VCentered,13.26801583906136,552.2575659037378,Embedded
106,52615342283.49367,82019641326.37619,0.641496858955093,0.019921494,1.1431289999999985,4,159.835214457,-0.200241889,159.84493132243043,-0.3130047162530767,9.76499237406776,0.6954272686734088,-2.6045739657082954,-5.089262344881719e-13,36.747987982423375,0.0708766413811161,254.0187202251849,-22.60479466444169,503260939490.3304,6.135858818105924,6.131345339165436,Q,True,0.6666666666666666,0.5,0.0,0.0,0.3333333333333333,0.5,True,BMisfit,VCentered,13.076886053019717,478.60707445600264,Embedded
112,96908974979.97496,148469269357.46234,0.6527207643667449,0.040583446,1.3168970000000009,4,162.495232384,0.322301336,162.51658167582502,0.3289299465618689,2.071243519413065,0.6475625479696887,-106.1992639805094,-4.973799150320701e-13,419.9583578978288,0.2528804629871089,111.44214789641254,-23.249091428247585,44931287421762.02,302.63021847021497,0.2353785400984133,Q,True,0.0,0.0,0.3333333333333333,0.25,0.6666666666666666,0.75,True,BMisfit,VCentered,13.88169304667518,881.8542168494279,Predom
116,55032443958.22341,103009372911.5601,0.5342469563956297,0.04135967375,1.045109,4,164.611091103,1.382912157,164.6450756720056,1.3991199487244266,2.7228003847342808,0.8294967249633124,201.04383154061347,0.0,408.55503242486543,0.4920850695373238,149.3847520355002,-22.852191858330176,32504589370110.92,315.5498228109603,0.3243241779915087,Q,False,0.0,0.0,0.0,0.0,0.6666666666666666,0.75,False,BMisfit,VCentered,13.325030909742,575.0882649283008,Split
117,59915556854.52222,87958563130.61821,0.6811793499348981,0.03700237075,1.855278000000002,4,164.810996573,5.292032395,164.81500156889223,5.2603062690915925,4.301894014365048,0.4459774354545165,-138.9029672181546,0.0,364.7625356723772,0.3808038206613264,210.48904476017395,-22.680695315548036,41360629729317.71,470.22857419688967,0.5118502160813141,Q,True,0.3333333333333333,0.25,0.0,0.0,0.6666666666666666,0.75,True,BCentered,VCentered,13.134806937099691,497.66041141802594,Embedded
121,46846591754.08911,90346388359.00742,0.5185220195846221,0.02637006775,0.810808999999999,4,166.17462696,4.297345904,166.2042376443304,4.290969825541893,2.4061392537075093,0.7532763862964154,-15.712033563073152,-3.552713678800501e-15,73.46766637566752,0.2138632454001148,83.25006251810714,-22.709776990274907,756963718162.0397,8.378461296694118,1.0051061793085314,Q,True,0.6666666666666666,0.5,0.3333333333333333,0.25,0.0,0.25,False,BMisfit,VCentered,12.882454078183256,411.4194565974626,Embedded
128,40138616580.98091,122528236297.14688,0.3275866673183768,0.0305476997499999,0.284870999999999,4,167.481121312,36.94649092,167.51380704594024,36.96994037528506,3.6391777946883175,0.5787101046138088,164.6563315087462,1.0125233984581428e-12,187.3350918577178,0.8789401381018497,146.30924029188694,-23.04059045552606,3060935853639.6147,24.98147321909089,0.6927495262738582,G,False,0.0,0.0,0.3333333333333333,0.5,0.3333333333333333,0.25,False,BMisfit,VMisfit,12.806418860713324,387.5825827966521,Embedded
131,106030790683.01562,151909250845.1165,0.6979877136720424,0.0358346275,1.829623999999999,4,168.013928628,27.589778419,168.024672805755,27.575893608535907,1.1985884908308888,0.8428284543570667,50.49140235377568,-4.849454171562684e-13,418.0133653258581,0.1207889664351188,56.74711049756566,-23.273960554944235,13685282045601.16,90.08853621136208,0.1204140613353423,Q,True,0.0,0.0,0.0,0.0,1.0,1.0,True,BMisfit,VCentered,13.857143695571017,866.710667178127,Predom
142,48279326163.27386,74340006977.12505,0.649439354749183,0.03649317775,1.4794819999999973,4,171.069765723,38.015436737,171.04998692898644,37.98408246815031,3.502699068740386,0.5997852789238215,-11.336582522137284,0.0,83.267087994249,0.1361472196904528,168.96381780024132,-22.49805649380022,1767971312236.7815,23.78223226130177,1.799881681933745,Q,True,0.3333333333333333,0.25,0.0,0.0,0.6666666666666666,0.75,True,BMisfit,VCentered,12.93754898705778,427.81022717856433,Embedded
147,61130000592.61811,117755732038.35728,0.5191254772439091,0.03541012625,0.5606189999999991,4,171.890929976,36.060982228,171.92041730292334,36.08234757122615,3.260832827818942,0.5889618238622059,31.33334748157202,3.552713678800501e-15,65.7534465679738,0.4765278341596985,152.5078826169351,-22.99745514156261,674439708716.8683,5.727446953471267,2.0572988784911677,X,False,0.3333333333333333,0.25,0.0,0.0,0.6666666666666666,0.5,False,BMisfit,VCentered,13.205836637572428,525.812226934927,Isolated
154,66289997097.19535,100115295691.8797,0.662136556048469,0.0269135034999999,1.4621929999999992,4,173.750076931,51.217992014,173.78960652932005,51.20599074199045,2.560071961225249,0.644932362291813,205.1002737072328,4.973799150320701e-13,316.2831303017852,0.6484704812157813,90.43767990520573,-22.821251085983658,20238217251485.35,202.14910330756643,0.2536278871382622,Q,True,0.3333333333333333,0.25,0.0,0.0,0.6666666666666666,0.75,True,BMisfit,VMisfit,13.358770264798062,592.9009704060144,Embedded
158,49218502962.45381,75352720553.75392,0.6531748635053342,0.036779541,1.5338829999999994,4,174.533366492,11.196374987,174.50535949254603,11.23038452645636,4.496390996096747,0.5833920317253769,30.03246403065061,5.018208071305709e-13,32.42121263589201,0.9263214293657408,218.64530610362485,-22.512747342029872,359150986723.61237,4.766264364236285,5.981836296253,M,True,0.6666666666666666,0.75,0.0,0.0,0.3333333333333333,0.25,True,BMisfit,VMisfit,12.828027320936844,393.28209418868823,Isolated
165,111114720968.04568,162461413860.08884,0.6839453032443585,0.032470518,1.803910000000002,4,176.058210937,33.514508725,176.032247724283,33.5186521058278,2.580994744865856,0.5123417593107297,58.24676466194333,-1.0089706847793425e-12,108.01374748964204,0.5392532526244393,110.45340467538225,-23.346875571171136,1630087505112.8247,10.033690255315948,0.907034263915888,Q,False,0.0,0.0,0.0,0.0,0.6666666666666666,0.75,True,BCentered,VCentered,14.041282098256174,999.3546743279068,Predom
167,69142901461.38618,122430069141.35928,0.5647542466185568,0.03263194475,1.0003899999999994,4,176.1074037,33.35507716,176.12484125976445,33.34876677492636,3.5709429101183052,0.2667186350532427,-186.50129955317905,-4.973799150320701e-13,231.0623728544869,0.8071469934684217,153.59603403805036,-23.03972023689296,13088198834454.293,106.9034668218842,0.589622968502745,Q,True,0.3333333333333333,0.25,0.3333333333333333,0.25,0.3333333333333333,0.5,False,BCentered,VMisfit,14.041279864235898,999.3015835796336,Predom
173,154132562945.27612,211266207343.07584,0.7295656266265991,0.0331761215,1.7465600000000023,4,179.04299365,60.522524294,179.0716788724447,60.4899097661991,5.178292342297926,0.411806215385212,133.21326921203254,-5.044853423896711e-13,135.88160481824826,0.980362790020148,226.53712765345085,-23.63207508979003,7059636865761.414,33.4158356631889,1.4787758247143237,M,True,0.3333333333333333,0.5,0.3333333333333333,0.25,0.3333333333333333,0.25,True,BCentered,VMisfit,14.25185222416202,1174.389252334972,Embedded
175,40355134582.56312,72085311810.50452,0.559824651777152,0.0405418535,0.6793559999999985,4,179.274744468,1.125520071,179.24522971993903,1.1221668693530262,2.32728234807419,0.7656735713888382,58.202487012391174,-5.009326287108706e-13,65.28324227714526,0.8915379350386146,125.08608079551124,-22.464616953424816,986929522386.5958,13.691132043390525,1.6995380406291642,G,True,1.0,0.75,0.0,0.25,0.0,0.0,False,BMisfit,VMisfit,12.75987368447744,372.7887573684555,Isolated
188,54053671751.97731,73869400151.22598,0.7317464557897889,0.02574089425,2.0068639999999967,4,183.326072262,21.634290799,183.3301235321996,21.66366246484952,2.582246154386258,0.688053397345873,-101.64311302799592,7.105427357601002e-15,229.806244541614,0.4422991778606351,87.17093413119962,-22.49116143098044,7987462559994.214,108.12951700761371,0.3364600414954025,Q,True,0.3333333333333333,0.25,0.0,0.0,0.6666666666666666,0.75,True,BMisfit,VCentered,13.09553957485666,484.6182795232464,Embedded
197,42053330854.3355,67655954157.43732,0.6215761994351039,0.03446559675,1.0150500000000022,4,185.006272145,56.162916283,185.04209636777568,56.14181593645914,3.5951499160744107,0.4846670704823075,-7.846086022848799,7.105427357601002e-15,96.70629629831222,0.0811331456500598,163.5458697145661,-22.39576505828126,1656833494457.7407,24.489100997707347,1.5000593755481453,Q,True,0.6666666666666666,0.5,0.0,0.0,0.3333333333333333,0.5,False,BCentered,VCentered,12.758988367611904,373.2606482302796,Embedded
204,64715870903.883835,94219098293.45493,0.6868657424667736,0.03686628275,1.817740999999998,4,187.131419886,53.596008054,187.1328060072629,53.624997428825814,3.31769081877177,0.5244799084763152,6.5827676653713025,0.0,230.8925162180898,0.0285100954036706,161.71953130986898,-22.755347358966674,8957153805430.758,95.0672843156787,0.6212640696260697,X,False,0.6666666666666666,0.5,0.0,0.0,0.3333333333333333,0.25,True,BCentered,VCentered,13.439445872547372,628.7794070350005,Predom
206,42119344143.52319,98038136058.1271,0.4296220413508321,0.04453014825,0.237248000000001,4,187.741751381,51.344149479,187.73359600597473,51.34601436757445,1.0151875661816787,0.3206131013896466,35.150261047666596,1.4210854715202004e-14,340.09815527961393,0.1033532834624391,60.10455940456136,-22.798487614177425,11671212497844.39,119.04767845570314,0.1567569343268401,Q,True,0.6666666666666666,0.5,0.0,0.0,0.3333333333333333,0.5,False,BCentered,VCentered,13.0725552551545,473.2961792283252,Embedded
207,87137280148.43542,137533797072.98215,0.6335699442821034,0.0405472805,0.981707,4,188.703831023,50.805173203,188.73659289275992,50.84138779833073,2.8403932975496997,0.8811012761581076,-84.2459200056438,-3.552713678800501e-15,87.17908109078253,0.9663547602424906,152.6856517933967,-23.166023583210382,2006396293706.2488,14.588387264852122,1.553493928201798,X,False,0.0,0.0,0.3333333333333333,0.25,0.3333333333333333,0.25,True,BMisfit,VMisfit,13.69850976457416,766.1975222722971,Predom
214,42459023327.9027,95922460386.17969,0.4426390144390011,0.040184649,0.0743420000000014,4,190.662310252,48.535993613,190.68732035182603,48.57561539906725,3.859670713819198,0.667531707724943,-47.02879857069536,-4.973799150320701e-13,104.38035055154089,0.4505522190929317,205.5674613058719,-22.774800774435622,4185543489966.7,43.634655252960385,1.74686458911894,Q,True,0.6666666666666666,0.5,0.0,0.0,0.3333333333333333,0.5,False,BMisfit,VCentered,12.899004167941657,414.8483978451642,Isolated
221,84957710456.44788,143580013678.699,0.5917098646233928,0.02601691425,1.247644000000001,4,194.351489483,27.49781561,194.3742351749679,27.49221177377893,2.6447038478155767,0.4750702957619727,-187.52446895445388,-7.531752999057062e-13,438.3497368768582,0.4277964674748574,90.25514385535364,-23.21273497592952,14298920245641.844,99.58851430143844,0.1826311409927644,Q,True,0.0,0.0,0.0,0.0,1.0,1.0,False,BCentered,VCentered,14.508632080327,1433.4835063055484,Split
224,56740557681.87108,88484113079.6191,0.6412513580919913,0.01981892025,1.0172019999999975,4,195.358850418,27.885972956,195.33415752341284,27.8665126124371,5.401918677009407,0.324805403944171,-200.87169821890205,-1.4210854715202004e-14,253.49947610331415,0.792394924465392,139.78696829756925,-22.68716325524132,14938755828632.137,168.8298080717615,0.4891175429073122,Q,True,0.0,0.0,0.0,0.0,1.0,1.0,True,BCentered,VMisfit,12.652615810397156,345.5967967383305,Split
225,69257753449.28453,100811304130.75816,0.6870038439285854,0.02596583675,1.5318020000000026,4,195.473879352,27.624446026,195.4906436680841,27.63242210895034,2.900049833033331,0.3487984004489639,330.3043439125935,-4.831690603168681e-13,685.898163583056,0.481564700781703,98.77123905718902,-22.828773082415523,83651188966102.9,829.7798514500163,0.1277304615980618,Q,True,0.3333333333333333,0.25,0.0,0.0,0.6666666666666666,0.75,True,BCentered,VCentered,14.508632706256696,1433.5073630817835,Split
229,45052199646.591515,79246010723.47154,0.5685106320846974,0.037650195,1.0463449999999987,4,197.642349727,34.636230475,197.688653344386,34.65048224711575,4.154423702298249,0.5874162422476397,-10.842682062311324,1.0089706847793425e-12,167.90318381132158,0.0645769890492167,206.9297641487251,-22.567443522196392,7277937448550.904,91.83979587246633,1.0931698651180832,Q,True,0.0,0.0,0.3333333333333333,0.25,0.6666666666666666,0.75,False,BMisfit,VCentered,13.55767201821172,688.3322202749212,Predom
231,68134582642.82187,95428452339.42604,0.7139860384665616,0.03200509975,1.861571999999999,4,198.136728044,11.72896209,198.1111936927118,11.718020251291078,2.8724095610118243,0.5700687194716964,19.071659050423477,3.552713678800501e-15,246.898260881355,0.0772450116997308,121.12119555501064,-22.769194701218577,12284849048769.64,128.7336087676881,0.4351367242271554,Q,True,0.0,0.0,0.3333333333333333,0.25,0.6666666666666666,0.75,True,BMisfit,VCentered,13.227575700323502,535.2399691508488,Embedded
239,40250047757.182594,77687930788.0159,0.5180991094615632,0.0349343375,0.8875910000000005,4,202.96132845,44.152209581,202.97570678152348,44.12115100207128,4.090451879563154,0.4800634514844804,33.75486191131849,-5.009326287108706e-13,163.05321918207693,0.2070174516065573,188.6727856323459,-22.545883885506196,7476129255630.096,96.23282767087623,1.0263689468713446,Q,True,1.0,0.75,0.0,0.0,0.0,0.25,False,BCentered,VCentered,12.82115011066182,391.4423556853313,Isolated
248,51887219665.32016,77572780617.33446,0.6688843593383503,0.0301421787499999,1.3613940000000009,4,204.60443034,26.74247202,204.61497242021144,26.7530413871613,2.861740439698671,0.2967564598822323,-247.49915651908623,5.186961971048731e-13,260.2473987478186,0.9510149100814456,113.49203640009628,-22.544273397816372,12912070139143.902,166.4510416719362,0.3868143803597929,Q,True,0.0,0.0,0.3333333333333333,0.25,0.6666666666666666,0.75,True,BCentered,VMisfit,12.979081311934708,442.5622547574933,Split
259,86470426288.70944,113383631149.41536,0.7626358885504374,0.035524021,2.4409259999999975,4,206.412250683,56.616505963,206.4007953983748,56.6304585369176,4.345615869280658,0.2113824549469466,-49.518022335898046,-1.0089706847793425e-12,120.98538425149616,0.4092892926054799,203.91342622409647,-22.956375903266014,3726709821431.233,32.86814669500421,1.4949839617386411,Q,True,0.6666666666666666,0.5,0.0,0.0,0.3333333333333333,0.5,True,BCentered,VCentered,13.657213004141097,743.4874998535638,Predom
265,39700465588.89984,81651920307.83456,0.4862159449431901,0.0285267674999999,0.4137959999999978,4,208.61171533,21.829993055,208.67431507168897,21.81339543640224,3.8985190911732985,0.9301667236194476,2.6960215600531483,7.567280135845067e-13,38.97813511821061,0.0691675358986789,146.14913642250517,-22.599916007565035,484426125585.09625,5.932819751927074,3.325820581554628,G,True,0.6666666666666666,0.5,0.0,0.25,0.3333333333333333,0.25,False,BMisfit,VCentered,12.7837542901207,381.1431271101321,Embedded
271,61335230258.871574,95971647051.80464,0.6390974016082412,0.036507075,1.4842629999999986,4,210.010861747,59.265244191,209.88603116627343,59.26481546921829,4.350719999169458,0.8798309262227344,-66.0684269917859,0.0,189.38378528984265,0.3488599981813195,209.95284960811784,-22.77535737042018,10819435523052.14,112.73574910318987,0.9833374980724322,Q,True,0.3333333333333333,0.25,0.0,0.0,0.6666666666666666,0.75,True,BMisfit,VCentered,13.129881013409385,495.8609502919627,Embedded
276,62975148460.92581,110933645204.1843,0.5676830356111876,0.0315560815,1.237648,4,211.489018571,65.690728006,211.46918817740024,65.72559044433018,2.966901928518869,0.724072597166149,154.9723589797687,4.991562718714704e-13,96.72059935101916,1.6022683897702212,123.30986300411752,-22.932658209612327,1271564716809.829,11.46239010238408,1.130843369649774,Q,False,0.0,0.0,0.3333333333333333,0.25,0.3333333333333333,0.5,False,BMisfit,VMisfit,13.276878910455771,555.9618605253653,Embedded
279,47104543574.65128,76788681701.32579,0.6134308146852585,0.042577005,1.6608529999999997,4,212.332459511,55.282339818,212.3381365570126,55.25900145879227,3.3129570501819146,0.4267134922423256,-121.23545442298324,1.7763568394002505e-15,108.66354375817144,1.115695754344165,187.27781459806528,-22.53324302934635,1991637931453.1116,25.93660793917139,1.5287134562643243,Q,True,0.6666666666666666,0.5,0.0,0.0,0.3333333333333333,0.5,False,BCentered,VMisfit,12.877265901466036,407.670780163893,Split
289,44614044897.876816,151297808936.68512,0.2948756839998049,0.038238532,0.0685119999999983,4,216.308485082,27.865166004,216.25898998179613,27.830865632996503,4.615858600992221,0.7227679822601444,34.32556887342451,5.115907697472721e-13,219.08157233376693,0.1566793980332111,233.60621480121213,-23.269581596766535,24390932944238.504,161.21140891369805,0.9458062141940278,Q,False,0.3333333333333333,0.25,0.0,0.0,0.3333333333333333,0.5,False,BMisfit,VCentered,12.935547182991373,426.9149359043069,Split
291,58076602223.49187,114967024115.12463,0.5051587850559274,0.0273570297499999,0.3780770000000011,4,216.894621769,11.330623669,216.85904256078092,11.327790248626066,4.775432462855999,0.4397609279158849,16.981338474662746,4.831690603168681e-13,412.7070554394159,0.0411462276955308,171.53427763064278,-22.971433224829344,53844367889070.61,468.34619147097715,0.3686656243285751,Q,True,0.0,0.0,0.3333333333333333,0.25,0.6666666666666666,0.75,False,BCentered,VCentered,13.240465831627397,541.3602091270069,Split
293,98255846146.39772,127415499344.07634,0.7711451640672452,0.04274948525,2.0356770000000033,4,217.452067863,53.96501454,217.48911751525984,53.98143137816024,2.1058336004256875,0.7773594695128785,211.55417604822512,9.947598300641405e-13,306.4772734670471,0.6902768797666519,119.53757373636854,-23.083055651438254,21694309988984.125,170.26429359586945,0.3459631009656557,Q,True,0.0,0.0,0.0,0.0,1.0,1.0,True,BMisfit,VMisfit,13.765457241451466,806.0264123182459,Predom
303,42968678779.03228,90334591400.76791,0.475661406253585,0.04064525075,0.6148600000000002,4,219.972957917,21.553257642,219.97096016748023,21.56277464109111,2.6566641183822757,0.2189965473593342,-52.585202626424234,1.7763568394002505e-15,70.17724844656149,0.7493198121962101,143.16448108938886,-22.70963521127081,1166006255243.7302,12.907638559749085,1.8095165817591976,Q,True,0.3333333333333333,0.25,0.0,0.0,0.6666666666666666,0.75,False,BCentered,VMisfit,12.901957244917298,415.7282907114962,Isolated
304,43532499128.67558,101385417651.9626,0.4293763357380901,0.0301551249999999,0.0102280000000014,4,220.370925878,9.430923551,220.44798597218977,9.383804108528013,6.326609501991407,0.8482445880354872,-398.6648006935592,7.673861546209082e-13,499.68307598081566,0.7978353077318671,251.01334066441987,-22.834938736391056,101217955704326.98,998.3482639662196,0.4455800964087256,Q,True,0.3333333333333333,0.25,0.3333333333333333,0.25,0.3333333333333333,0.5,False,BMisfit,VMisfit,12.815306151044672,390.2841050845677,Split
309,63298759646.17747,126638441666.80344,0.4998384283085377,0.04433175225,0.307348000000001,4,223.045971412,-0.256103918,223.06925083912577,-0.2611886806021193,2.593217417041477,0.5513160580272786,-123.3498797111704,-4.973799150320701e-13,164.51237404092095,0.7497908922066113,152.82653697464008,-23.076413894329523,8022290260098.862,63.34798623948796,0.8239935694003608,Q,True,0.6666666666666666,0.5,0.0,0.0,0.3333333333333333,0.5,False,BCentered,VMisfit,13.20667737449903,524.6481300787893,Embedded
315,45707219213.116295,80853150030.71194,0.5653115456324767,0.044082939,0.9224089999999984,4,224.526016096,1.505716638,224.52237974370917,1.5119201506404336,2.717029102458412,0.1587784500737883,-138.92812231471143,-5.044853423896711e-13,314.54953863969433,0.4416732668422327,159.19592335880148,-22.58924236160501,25338348651996.27,313.3872785707364,0.4489174729993943,Q,True,0.0,0.0,0.3333333333333333,0.25,0.6666666666666666,0.75,False,BCentered,VCentered,12.940377010982612,427.6969425174118,Embedded
316,121430336917.26662,164847847143.90326,0.7366207021876634,0.0341729189999999,1.8569920000000015,4,224.865162541,16.645098413,224.8736060411904,16.642519019944338,5.211427073577516,0.0977584170971173,-47.45060247767396,1.5063505998114124e-12,93.85765665159808,0.5055592071067069,235.0079874704012,-23.3627081994497,3391098874455.896,20.571083779429948,2.220938518207684,Q,True,0.3333333333333333,0.25,0.0,0.0,0.6666666666666666,0.75,True,BCentered,VCentered,13.95857098078218,937.375566466446,Embedded
322,39786377593.80836,63373357347.206375,0.627809212881511,0.0370456569999999,0.9182759999999988,4,226.618937883,46.344193946,226.5464023610315,46.34616057699692,2.939906675618027,1.022700944876745,-91.9553364877488,5.009326287108706e-13,106.331320893402,0.8648000957303565,144.02065116671616,-22.32476678867243,1647979728943.1416,26.004298934555152,1.2013987648375395,Q,True,0.3333333333333333,0.25,0.0,0.0,0.6666666666666666,0.75,True,BMisfit,VMisfit,12.744141153197369,368.7271808487056,Embedded
323,64551330773.919914,113127230202.84122,0.5706082492975125,0.0451653885,0.6734030000000004,4,226.650594164,9.649493156,226.63031551422569,9.664223387855005,3.2266903906525317,0.4617500483314291,-126.96209390729858,-6.661338147750939e-15,174.85004040603656,0.7261199003012373,193.85123105619232,-22.953917885068847,8147250036944.936,72.01847002120198,0.9833914910602806,Q,True,0.0,0.0,0.3333333333333333,0.25,0.6666666666666666,0.75,False,BCentered,VMisfit,13.415657642069204,615.7601071219307,Embedded
324,40656875514.110374,87702311216.98813,0.4635781537560557,0.03668694325,0.3383280000000006,4,226.68288341,3.776844281,226.68722492915643,3.814839158221576,4.3890277844993895,0.5227723098661204,-303.90010502159555,-1.4210854715202004e-14,554.0242051418475,0.5485321800042792,212.87289013857352,-22.677527596173324,49349310485486.87,562.6911058636707,0.3408122818470925,Q,False,0.3333333333333333,0.25,0.0,0.0,0.0,0.25,False,BCentered,VMisfit,12.840856907773109,397.1856622748004,Split
330,45853786022.328415,68853505729.34576,0.6659615300137908,0.0348531535,1.5450000000000017,4,228.911217188,8.300752801,228.9158045429971,8.309703045059553,2.6258257484749072,0.2293111313324542,-104.05969177655072,5.044853423896711e-13,118.89191411626952,0.875246164131791,120.82803109730752,-22.414815143985955,2701129243484.2983,39.23009024554376,0.9014445126899148,M,True,0.3333333333333333,0.5,0.3333333333333333,0.25,0.3333333333333333,0.25,True,BCentered,VMisfit,13.186123362089484,518.0084229976081,Predom
333,149157947985.6218,272377836440.2279,0.5476141155058842,0.0403692565,0.938084,4,229.853077991,20.896319496,229.8610552357211,20.892541291930943,1.164352791731303,0.4305730931557209,151.18801182848557,4.831690603168681e-13,191.45852988394293,0.7896645394704077,62.307074520764786,-23.907929414642663,2580212911014.3047,9.47291800513483,0.2886597694728951,X,False,0.0,0.0,0.0,0.0,0.6666666666666666,0.5,False,BCentered,VMisfit,14.352095357684004,1265.398807285106,Predom
337,49533429743.31946,96511470175.82455,0.5132387855358485,0.037835817,0.4618599999999979,4,231.266713288,48.457176013,231.32048652633097,48.4435826936604,3.1672943612927367,0.7230527642431988,451.558577055706,-3.552713678800501e-15,302.02408479186386,1.4951078400482265,158.56053700062768,-22.781447328386403,23015999173402.5,238.4794173321778,0.4656688105403225,Q,True,0.3333333333333333,0.25,0.0,0.0,0.6666666666666666,0.75,False,BMisfit,VMisfit,13.75568500309813,801.2658300801147,Predom
341,167630715993.58972,246418983319.83453,0.6802670546530777,0.0438521049999999,1.2758829999999968,4,232.373444842,7.573251432,232.36341560325255,7.568805835672277,3.024915401035843,0.2160158286852694,90.09666384369908,1.0018652574217413e-12,190.34792149633648,0.4733262288100798,176.27817852435987,-23.799185403551235,13063985754614.893,53.01533826092756,0.8214365732074284,Q,False,0.0,0.0,0.0,0.0,0.6666666666666666,0.75,True,BCentered,VCentered,14.523137665016364,1441.303071522938,Predom
354,98057134993.86928,123640002861.19267,0.7930858356898891,0.0324996035,2.1168450000000014,4,236.095627041,25.327537611,236.10731307918655,25.33946819557132,4.147000791788746,0.2305408754648169,-52.07230040499584,-5.009326287108706e-13,67.74026316036813,0.7687053160942038,177.63322767400547,-23.050397516103537,1111911880659.7915,8.993140204858339,2.3259530683226624,Q,True,0.0,0.0,0.3333333333333333,0.25,0.6666666666666666,0.75,True,BCentered,VMisfit,13.702572175933838,770.5703921829847,Embedded
360,46339313970.81171,74681402780.2244,0.6204933523702146,0.0313269945,1.1146610000000017,4,239.64501231,27.618251133,239.64176670756913,27.591011784516457,3.827225720765659,0.4294092754922224,50.1461198137476,-1.0089706847793425e-12,192.05501154968587,0.261102896556154,157.8851723692966,-22.5030311673406,9489571073062.955,127.06739187785836,0.7291876778510191,Q,True,0.0,0.0,0.3333333333333333,0.25,0.6666666666666666,0.75,False,BCentered,VCentered,12.910001689671134,419.5505014140467,Embedded
365,82807791103.81364,146912391079.09985,0.5636542329450528,0.04020920425,1.034758,4,241.380341202,17.963632268,241.36386157665353,17.94310883073379,2.65458509572927,0.5837312229883285,-169.03143238328605,9.947598300641405e-13,231.60295180208615,0.7298328068276566,141.4730756759209,-23.237646067935987,13575050898186.338,92.40235488970652,0.541817870403375,Q,True,0.0,0.0,0.3333333333333333,0.25,0.6666666666666666,0.75,False,BMisfit,VMisfit,13.78420879107745,818.3784847457881,Split
368,46532587214.23126,65226979540.27245,0.713394787589407,0.03940497125,1.5312379999999983,4,241.561817567,18.182884231,241.57355623617667,18.18139724844328,1.0364609649080787,0.6513266324952741,76.39356848529088,-9.965361869035405e-13,147.9159301546626,0.5164661331975122,54.10064271577906,-22.356068170383946,2245036424263.753,34.418831595254574,0.3244225962593751,M,True,0.6666666666666666,0.75,0.0,0.0,0.3333333333333333,0.25,True,BMisfit,VCentered,13.784221316302553,818.5974794242253,Predom
369,61328564584.59723,111036691610.07748,0.552327016370066,0.038586114,1.194658999999998,4,241.791169072,18.641280218,241.80013488715093,18.65145565654399,2.7099618969736445,0.2934835645800978,132.44128060519506,-1.5045742429720121e-12,119.85015443562612,1.1050572377554455,138.4313868164229,-22.93366628324317,3394834028602.6616,30.573983963104254,1.024517996529736,Q,True,0.0,0.0,0.0,0.0,1.0,1.0,False,BCentered,VMisfit,13.320146746268373,573.4464288581087,Predom
373,55998139743.971466,114336572387.81609,0.4897657728800232,0.03171492175,0.317779999999999,4,243.167265466,33.034895563,243.20721463739815,33.03993311491528,3.470079103470101,0.5855785793739106,140.0427072032328,5.044853423896711e-13,104.92174597508588,1.3347348149971316,144.96567681532957,-22.965462921694716,1104103036804.7505,9.65660430207549,1.2255281699727938,Q,True,0.0,0.0,0.3333333333333333,0.25,0.6666666666666666,0.75,False,BMisfit,VMisfit,13.161521097814704,508.82734768763027,Embedded
374,90629753755.52896,156080912124.5191,0.5806587911481824,0.04198902775,0.9228110000000028,4,243.208074426,11.159791043,243.21959751499477,11.117876997200115,2.432284438704402,1.0708977538936455,214.17872010306596,4.973799150320701e-13,386.952851112569,0.5535008192529338,135.53802366843578,-23.303374485941298,35939440043679.92,230.26159672239712,0.3106896011962153,Q,True,0.3333333333333333,0.25,0.3333333333333333,0.25,0.3333333333333333,0.5,False,BMisfit,VMisfit,13.7270501324849,782.8040987191329,Embedded
386,63321850780.53997,87946421782.3012,0.7200048563349646,0.036862638,1.7969299999999997,4,247.1966171,21.49371335,247.19584189467656,21.523220970649696,3.888611960825364,0.4554288314224408,-65.85696603722562,-1.0054179711005418e-12,246.69303772559584,0.2669591596276799,189.52961483378633,-22.6805454357539,20338148228652.96,231.2561195382928,0.6814653948384446,Q,True,0.3333333333333333,0.25,0.6666666666666666,0.5,0.0,0.25,True,BCentered,VCentered,13.112120463410164,489.0917603069135,Embedded
390,46765760371.730965,84379593709.00938,0.554230689152248,0.030737104,0.9630159999999997,4,248.45673758,39.263194437,248.40357498630624,39.23461502324198,4.780414258725801,0.6290273665156167,313.00236635217766,-1.4210854715202004e-14,340.8191382165289,0.9183826001969444,193.40998348257452,-22.635593574765636,39960567522931.47,473.5809425764608,0.5033598061622104,M,True,0.0,0.25,0.0,0.0,1.0,0.75,False,BMisfit,VMisfit,12.909024025444715,419.3144468690606,Split
391,64720997181.61176,103760679305.08626,0.6237526355365639,0.04356705425,1.375073999999998,4,248.726713775,26.274767034,248.712037066643,26.283546538424662,1.3512467718168886,0.7024462863968571,191.79013565486417,-5.115907697472721e-13,354.48860591273956,0.5410332869826441,78.21652317395066,-22.860082015859987,18656277685744.65,179.80103648791487,0.1957130776507165,Q,True,0.0,0.0,0.0,0.0,1.0,1.0,True,BMisfit,VCentered,13.232322110766855,535.2088855106689,Split
393,117377376938.782,208228265942.19736,0.5636956942789175,0.03214184075,1.155182,4,249.474675718,36.073053206,249.46817542785791,36.06110085885628,3.903783709349944,0.2006714781733641,-214.8135305112247,5.071498776487715e-13,197.9919631324931,1.084960859585373,165.33113067906433,-23.61634920618196,10396161401234.238,49.926753960099425,0.7406801295979627,Q,True,0.0,0.0,0.3333333333333333,0.25,0.6666666666666666,0.75,False,BCentered,VMisfit,14.08656599915195,1034.8078916147708,Predom
394,76985121584.10173,118076779429.65164,0.6519920509008149,0.03837793075,1.1854250000000022,4,251.141803192,38.920509143,251.156650278658,38.91800286180503,3.4793902377358785,0.203833496800719,278.23931246832694,-1.0018652574217413e-12,256.9512089223681,1.0828488164552343,176.7499767752205,-23.00041124790547,2778831469933.1543,23.534106226099603,0.6101439649073114,X,False,0.0,0.0,0.3333333333333333,0.25,0.6666666666666666,0.5,True,BCentered,VMisfit,12.976974607634192,440.6878747302991,Embedded
405,41930843600.64239,81745148032.1259,0.5129459620546963,0.03071585725,0.8563310000000008,4,256.367088053,23.153194101,256.3059420077421,23.155494497249848,5.511468221800278,0.6125523160020451,92.69681895053029,2.5224267119483557e-13,139.6605782993902,0.6637293077207226,222.82995741225113,-22.60115496157519,3476391264688.904,42.52718783165797,1.4152180567444332,G,True,0.6666666666666666,0.5,0.0,0.25,0.3333333333333333,0.25,False,BMisfit,VMisfit,12.883371920472786,411.1422019268616,Embedded
