#angDist,_RAJ2000,_DEJ2000,CG,Gal,Morph,PS,PE,PS0,Kmag,Kcorr,RV,e_RV,r_RV,objID,2MASX,SDSS9,RAdeg,DEdeg,errHalfMaj,errHalfMin,errPosAng,umag,gmag,rmag,imag,zmag,e_umag,e_gmag,e_rmag,e_imag,e_zmag,objID,cl,q_mode,flags,Q,ObsDate,pmRA,e_pmRA,pmDE,e_pmDE,SpObjID,zsp,e_zsp,f_zsp,spType,spCl,subClass
0.037525,0.19571,28.40202,1,1,E,0,0.8,0.2,10.41,-0.06,8764,19,1,758874298530726000,00004696+2824071,J000046.97+282407.3,0.195716,+28.402029,0.002,0.001,90,16.327,14.342,13.436,13.009,12.692,0.009,0.002,0.002,0.002,0.002,1237663233915550000,3,0,0000B011901A1014,3,2003.7382,-1,2,-11,2,0,,,,,,
0.223224,0.15808,28.38454,1,2,S,1,0,0,10.46,-0.05,8705,9,1,758874298530726000,00003794+2823041,J000037.93+282304.5,0.158077,+28.384602,0.050,0.048,0,16.737,14.634,13.701,13.227,12.891,0.014,0.002,0.002,0.002,0.003,1237663233915550000,3,0,00002010101E1014,3,2003.7382,-10,3,20,3,0,,,,,,
0.113664,0.18333,28.40145,1,3,S,1,0,0,11.53,-0.04,8156,0,1,758874298530726000,00004401+2824051,J000043.99+282405.2,0.183299,+28.401466,0.050,0.048,0,17.201,15.354,14.449,14.032,13.709,0.017,0.003,0.002,0.002,0.004,1237663233915550000,3,0,00002010101E1014,3,2003.7382,-18,3,-4,3,0,,,,,,
0.166910,0.17671,28.36901,1,4,E,0,0.8,0.2,13.26,-0.03,9006,0,2,758874298530791000,00004242+2822081,J000042.39+282208.4,0.176659,+28.369022,0.004,0.003,90,18.848,17.033,16.196,15.780,15.447,0.030,0.004,0.004,0.004,0.007,1237663233915620000,3,1,201010021010,3,2003.7382,-1,2,3,2,0,,,,,,
0.326517,0.18787,28.37172,1,5,S,1,0,0,13.4,-0.08,8642,0,2,758874298530792000,00004507+2822181,J000045.11+282218.2,0.187973,+28.371723,0.003,0.003,90,18.424,16.542,15.687,15.278,14.962,0.031,0.004,0.003,0.003,0.007,1237663233915620000,3,1,201090020010,3,2003.7382,-1,2,-1,2,0,,,,,,
0.191333,7.31275,2.86405,3,1,S0,0,0.2,0.8,8.58,-0.02,4241,16,1,0,00291506+0251505,J002915.04+025150.6,7.312697,+2.864054,0.002,0.002,90,14.214,12.273,11.420,10.972,10.638,0.004,0.002,0.002,0.002,0.002,1237678435402580000,3,0,00002010900A1014,3,2008.6827,-1,2,-17,2,0,,,,,,
0.190837,7.12408,2.64861,3,2,E,0,0.8,0.2,10.88,-0.03,4317,29,1,0,00282976+0238549,J002829.79+023854.9,7.124132,+2.648599,0.001,0.001,90,15.944,14.208,13.440,13.053,12.765,0.008,0.002,0.002,0.002,0.003,1237678619031570000,3,1,201090021010,3,2008.7563,-3,2,2,2,0,,,,,,
0.241363,7.28375,2.8111,3,3,S,1,0,0,11.36,-0.03,4046,25,1,0,00290809+0248400,J002908.08+024839.8,7.283697,+2.811059,0.003,0.003,90,16.417,14.675,13.923,13.547,13.238,0.010,0.002,0.002,0.002,0.003,1237678435402580000,3,1,201010021010,3,2008.6827,6,4,-8,4,0,,,,,,
0.050354,7.32729,2.87043,3,4,E,0,0.8,0.2,11.51,-0.03,4433,0,1,0,00291854+0252135,J002918.54+025213.5,7.327278,+2.870423,0.003,0.003,90,16.604,14.820,14.066,13.676,13.381,0.011,0.002,0.002,0.002,0.003,1237678435402650000,3,0,0000B010100A1014,3,2008.6827,-2,2,2,2,0,,,,,,
0.181829,7.30167,2.87262,3,5,S,1,0,0,11.53,-0.02,4093,0,1,0,00291239+0252215,J002912.39+025221.2,7.301647,+2.872575,0.003,0.003,90,16.461,14.874,14.090,13.694,13.437,0.013,0.002,0.002,0.002,0.004,1237678435402580000,3,0,00002010100A1014,3,2008.6827,11,4,-3,4,0,,,,,,
0.367583,9.80579,0.86413,4,1,S,1,0,0,9.33,-0.03,4177,3,1,588015510347383000,00391339+0051508,J003913.41+005150.9,9.805887,+0.864162,0.003,0.001,0,14.964,13.269,12.380,11.943,11.599,0.022,0.002,0.002,0.002,0.002,1237663716555490000,3,0,200810021058,3,2003.8746,,,,,441512772505725000,0.01372,0.00002,0,GALAXY,GALAXY,
0.094578,9.82433,0.91274,4,2,S0,0,0.8,0.2,10.14,-0.03,4239,1,1,588015510347383000,00391786+0054458,J003917.84+005445.9,9.824334,+0.912766,0.001,0.001,90,15.653,13.798,12.999,12.603,12.302,0.006,0.002,0.002,0.002,0.002,1237663716555490000,3,0,0000A00890021058,3,2003.8746,-5,4,-12,4,1682260261475480000,0.01414,0.00001,0,NONLEGACY,GALAXY,BROADLINE
0.342088,9.89521,0.85991,4,3,S,1,0,0,10.51,-0.03,4379,3,1,588015510347448000,00393485+0051355,J003934.83+005135.8,9.895128,+0.859958,0.018,0.007,0,15.017,13.382,12.764,12.415,12.295,0.010,0.002,0.002,0.002,0.003,1237663716555550000,3,0,601810021058,3,2003.8746,1,2,-1,2,441513047383632000,0.01461,0.00001,0,GALAXY,GALAXY,STARFORMING
0.204621,9.82829,0.89195,4,4,S,1,0,0,12.07,-0.02,4107,0,2,588015510347383000,00391879+0053308,J003918.79+005331.1,9.828326,+0.891994,0.021,0.012,90,16.192,14.904,14.422,14.143,13.944,0.013,0.003,0.003,0.003,0.007,1237663716555490000,3,0,200810021058,3,2003.8746,-4,2,3,2,441520469087119000,0.01370,0.00001,0,GALAXY,GALAXY,STARFORMING
0.437426,14.50667,-5.07123,6,1,S,1,0,0,10.2,-0.03,5184,45,1,0,00580158-0504165,J005801.57-050416.6,14.506569,-5.071298,0.008,0.005,0,15.769,13.967,13.073,12.572,12.186,0.012,0.002,0.002,0.002,0.003,1237679254125870000,3,1,200890021014,3,2008.9751,6,3,-1,3,0,,,,,,
0.147561,14.48067,-5.13042,6,2,S,1,0,0,10.34,-0.03,5314,45,1,0,00575536-0507495,J005755.36-050749.6,14.480669,-5.130461,0.003,0.003,90,15.880,14.089,13.245,12.801,12.427,0.011,0.002,0.002,0.002,0.003,1237679254125870000,3,1,201010021010,3,2008.9751,0,2,9,2,0,,,,,,
0.495217,14.42662,-4.94864,6,3,S,1,0,0,10.96,-0.03,5375,45,1,0,00574239-0456548,J005742.39-045655.6,14.426633,-4.948777,0.002,0.002,90,16.007,14.549,13.699,13.303,12.961,0.010,0.002,0.002,0.002,0.003,1237679254125870000,3,1,201090021210,3,2008.9751,-4,2,1,2,0,,,,,,
0.421980,14.44946,-5.11209,6,4,S,1,0,0,11.16,-0.03,5454,36,1,0,00574786-0506435,J005747.89-050643.8,14.449542,-5.112174,0.019,0.006,90,16.954,15.089,14.156,13.639,13.176,0.025,0.003,0.003,0.003,0.005,1237679254125870000,3,1,201810021310,3,2008.9751,,,,,0,,,,,,
0.307446,14.4135,-5.08609,6,5,S,1,0,0,11.6,-0.03,4845,45,1,0,00573925-0505098,J005739.23-050510.2,14.413476,-5.086172,0.002,0.002,90,17.036,15.297,14.450,14.050,13.731,0.012,0.002,0.002,0.002,0.003,1237679254125870000,3,1,201010021010,3,2008.9751,-4,2,0,2,0,,,,,,
0.160516,14.39621,-5.0025,6,6,S,1,0,0,11.73,-0.04,5675,45,1,0,00573510-0500088,J005735.08-050009.1,14.396203,-5.002544,0.015,0.008,0,15.725,14.551,13.979,13.727,13.542,0.009,0.002,0.002,0.002,0.006,1237679254125870000,3,1,201010061010,3,2008.9751,4,2,8,2,0,,,,,,
0.208383,21.41787,34.71297,9,1,E,0,0.8,0.2,9.21,-0.04,4822,18,1,758877278694081000,01254030+3442465,J012540.28+344246.8,21.417839,+34.713022,0.002,0.002,90,14.834,12.898,12.006,11.562,11.289,0.004,0.002,0.001,0.001,0.002,1237666214078910000,3,1,201010121010,3,2004.7075,-6,3,-5,3,0,,,,,,
0.313211,21.59075,34.70302,9,2,S,1,0,0,9.34,-0.03,5188,5,1,758877153601913000,01262177+3442107,J012621.78+344211.1,21.590749,+34.703107,0.076,0.066,90,15.467,13.373,12.425,11.930,11.562,0.008,0.002,0.002,0.002,0.002,1237678808531010000,3,0,00042008100E1014,2,2008.8197,24,3,4,3,0,,,,,,
0.307868,21.57846,34.75415,9,3,S,1,0,0,10.62,-0.03,4660,32,1,758877153601978000,01261884+3445147,J012618.80+344514.9,21.578356,+34.754146,0.004,0.004,90,16.354,14.481,13.529,13.038,12.603,0.016,0.002,0.002,0.002,0.003,1237678894963230000,3,1,201810121010,3,2008.8334,-5,2,5,2,0,,,,,,
0.301753,21.62854,34.67549,9,4,S,1,0,0,11.64,-0.02,4662,0,1,758877153601913000,01263085+3440318,J012630.82+344031.7,21.628439,+34.675479,0.011,0.011,90,16.834,15.312,14.516,14.112,13.780,0.016,0.003,0.003,0.003,0.005,1237678808531080000,3,0,201810021058,3,2008.8197,3,2,-6,2,0,,,,,,
0.392817,31.97117,2.1676,11,1,S,1,0,0,10.4,-0.05,6966,30,1,0,02075306+0210034,J020753.09+021003.0,31.971218,+2.167502,0.001,0.001,90,16.215,14.336,13.461,12.983,12.652,0.009,0.002,0.002,0.002,0.003,1237680100240850000,3,1,201090021010,3,2009.7397,,,,,0,,,,,,
0.429480,31.89221,2.11532,11,2,E,0,0.8,0.2,11.01,-0.05,7117,36,1,0,02073411+0206554,J020734.12+020654.7,31.892178,+2.115205,0.002,0.002,90,16.210,14.427,13.622,13.216,12.934,0.009,0.002,0.002,0.002,0.003,1237680100240850000,3,1,201010021010,3,2009.7397,2,2,3,2,0,,,,,,
0.094225,31.90633,2.18073,11,3,E,0,0.8,0.2,11.5,-0.04,6243,36,1,0,02073751+0210504,J020737.51+021050.5,31.906327,+2.180704,0.003,0.002,90,16.579,14.786,13.961,13.521,13.263,0.013,0.002,0.002,0.002,0.003,1237680100240850000,3,0,200810021058,3,2009.7397,-2,2,-3,2,0,,,,,,
0.134827,31.85537,2.11613,11,4,E,0.1,0.45,0.45,11.76,-0.05,7196,0,2,0,02072527+0206579,J020725.29+020658.1,31.855404,+2.116146,0.003,0.002,90,16.736,14.928,14.160,13.757,13.494,0.014,0.002,0.002,0.002,0.004,1237680100240850000,3,1,201010021014,3,2009.7397,1,2,3,2,0,,,,,,
0.093355,39.31033,7.30563,13,1,E,0,0.8,0.2,9.48,-0.04,6498,61,1,587744296044987000,02371447+0718201,J023714.47+071820.2,39.310308,+7.305616,0.109,0.109,90,15.809,13.680,12.705,12.163,11.755,0.010,0.002,0.002,0.002,0.002,1237680002529430000,3,0,0000A008101E1058,3,2009.7096,-9,2,-13,2,0,,,,,,
0.717921,39.13175,7.30951,13,2,S,1,0,0,10.77,-0.02,6122,3,1,587744296044921000,02363162+0718342,J023631.66+071833.8,39.131925,+7.309412,0.077,0.033,0,17.798,15.604,14.640,14.017,13.613,0.052,0.005,0.004,0.003,0.006,1237670017269830000,3,0,0000A00890021058,3,2005.7808,151,6,105,6,0,,,,,,
0.357220,39.31875,7.33582,13,3,S,1,0,0,11.46,-0.05,6546,49,1,587744296044987000,02371649+0720091,J023716.49+072008.5,39.318743,+7.335721,0.003,0.003,90,16.970,14.917,14.043,13.571,13.260,0.023,0.003,0.002,0.002,0.004,1237680002529430000,3,0,00002008101A1058,3,2009.7096,-5,2,-6,2,0,,,,,,
0.478774,39.33442,7.43981,13,4,S,1,0,0,11.52,-0.03,5931,0,1,587744296044987000,02372026+0726231,J023720.22+072623.3,39.334286,+7.439815,0.006,0.004,90,16.963,15.243,14.386,13.918,13.518,0.020,0.003,0.002,0.002,0.004,1237670017269890000,3,1,201010021010,3,2005.7808,,,,,0,,,,,,
0.090226,50.18921,-1.04469,20,1,S,1,0,0,10.52,-0.04,6413,3,1,587731511545758000,03204541-0102407,J032045.41-010240.9,50.189211,-1.044715,0.003,0.002,0,16.671,14.566,13.443,12.898,12.545,0.012,0.002,0.002,0.002,0.002,1237666299481820000,3,0,0000A008900A105C,3,2004.7267,-11,3,-7,3,800515145586469000,0.02140,0.00001,0,NONLEGACY,GALAXY,
0.095936,50.17892,-1.10858,20,2,S,1,0,0,11.66,-0.03,6268,2,1,588015507680723000,03204294-0106307,J032042.93-010630.9,50.178914,-1.108606,0.014,0.014,90,16.181,14.639,14.061,13.768,13.574,0.010,0.002,0.002,0.002,0.005,1237663237128390000,3,0,4301010021058,3,2003.7384,-8,2,4,2,800517069731817000,0.02091,0.00001,0,NONLEGACY,GALAXY,STARFORMING
0.057849,50.16063,-1.03501,20,3,S,1,0,0,12.41,-0.05,6307,2,2,587731511545758000,03203854-0102057,J032038.55-010206.0,50.160628,-1.035026,0.003,0.002,90,17.291,15.670,14.944,14.583,14.331,0.012,0.003,0.002,0.002,0.004,1237666299481820000,3,1,201010020010,3,2004.7267,-4,2,3,2,465018958999742000,0.02104,0.00001,0,GALAXY,GALAXY,
0.275370,50.18892,-1.05391,20,4,E,0,0.5,0.5,12.51,-0.03,6229,0,2,588015507680723000,03204534-0103137,J032045.32-010314.2,50.188853,-1.053947,0.003,0.003,90,17.694,15.900,15.113,14.734,14.420,0.017,0.003,0.003,0.003,0.005,1237663237128390000,3,0,0000B008100A105C,3,2003.7384,,,,,465008513639279000,0.02078,0.00001,0,GALAXY,GALAXY,
0.295262,51.29825,-6.18088,21,1,S,1,0,0,10.44,-0.05,10092,2,1,587724242304565000,03251157-0610510,J032511.57-061051.4,51.298247,-6.180962,0.005,0.004,90,15.573,14.149,13.398,12.997,12.722,0.007,0.002,0.002,0.002,0.003,1237649963529470000,3,0,00042018100A1014,3,1999.7850,5,6,-22,6,518072868857211000,0.03367,0.00001,0,GALAXY,GALAXY,STARFORMING
0.145211,51.35571,-6.14389,21,2,S,1,0,0,10.82,-0.05,10316,3,1,587724242304631000,03252538-0608380,J032525.36-060837.8,51.355688,-6.143856,0.002,0.001,90,15.419,14.286,13.698,13.321,13.082,0.005,0.002,0.002,0.002,0.003,1237649963529540000,3,1,0000B01010021010,3,1999.7850,-3,3,17,3,518083314217675000,0.03441,0.00001,0,GALAXY,GALAXY,AGN
0.166059,51.38079,-6.12888,21,3,S,1,0,0,11.93,-0.05,10435,2,2,587724242304631000,03253137-0607438,J032531.40-060744.0,51.380835,-6.128891,0.005,0.005,90,16.533,15.373,14.848,14.511,14.305,0.009,0.003,0.002,0.003,0.005,1237649963529540000,3,1,4201010021010,3,1999.7850,,,,,518084138851396000,0.03481,0.00001,0,GALAXY,GALAXY,STARFORMING
0.090075,51.33071,-6.20584,21,4,S,1,0,0,13.01,-0.04,10353,0,2,587724242304631000,03251935-0612210,J032519.37-061220.9,51.330722,-6.205818,0.004,0.003,90,18.215,16.620,15.856,15.434,15.113,0.022,0.004,0.003,0.003,0.006,1237649963529540000,3,1,201010061210,3,1999.7850,-1,3,1,3,518070394956048000,0.03454,0.00001,0,GALAXY,GALAXY,STARFORMING
0.140168,72.92296,-3.80936,23,1,S0,0,0.2,0.8,10.14,-0.02,4764,30,1,758885351078232000,04514150-0348335,J045141.52-034833.7,72.922999,-3.809363,0.059,0.056,90,15.791,14.059,13.200,12.840,12.537,0.007,0.002,0.002,0.002,0.002,1237674286463060000,3,0,201010061010,3,2007.1022,-10,2,-13,2,0,,,,,,
0.060780,72.98312,-3.92991,23,2,S0,0,0.2,0.8,11.48,-0.03,4607,23,1,758887369173828000,04515593-0355475,J045155.95-035547.6,72.983137,-3.929911,0.003,0.003,90,16.759,15.073,14.287,13.869,13.545,0.010,0.002,0.002,0.002,0.003,1237676304558650000,3,1,201090021210,1,2007.8834,-5,2,3,2,0,,,,,,
0.208991,72.92396,-3.84154,23,3,S,1,0,0,11.95,-0.03,4578,45,2,758885351078232000,04514177-0350295,J045141.73-035029.5,72.923902,-3.841535,0.011,0.010,0,17.697,15.629,14.758,14.319,13.993,0.029,0.003,0.002,0.002,0.004,1237674286463060000,3,1,700010021010,3,2007.1022,-5,2,6,2,0,,,,,,
0.259076,72.86838,-3.87015,23,4,S,1,0,0,12.09,-0.02,4659,45,2,758885351078167000,04512841-0352124,J045128.42-035212.5,72.868451,-3.870162,0.010,0.010,90,17.434,15.741,14.944,14.543,14.259,0.020,0.003,0.003,0.003,0.005,1237674286462990000,3,0,4200890021058,3,2007.1022,-2,2,2,2,0,,,,,,
0.263195,136.33883,18.31311,30,1,E,0,0.8,0.2,9.01,-0.03,4189,21,1,587741708330074000,09052131+1818472,J090521.33+181847.2,136.338907,+18.313111,0.003,0.003,90,14.674,12.760,11.895,11.427,11.118,0.005,0.002,0.002,0.002,0.002,1237667429554980000,3,0,00002008100A1014,3,2005.0470,-40,3,17,3,0,,,,,,
0.357133,136.16258,18.46442,30,2,S,1,0,0,11.08,-0.02,3423,5,1,587741708330009000,09043901+1827521,J090438.99+182751.9,136.162476,+18.464431,0.062,0.059,0,14.528,13.501,12.938,12.680,12.463,0.005,0.002,0.002,0.002,0.003,1237667429554910000,3,0,00042010100E1014,3,2005.0470,,,,,0,,,,,,
0.267099,136.38496,18.26235,30,3,S,1,0,0,11.45,-0.04,4250,2,1,588023045866193000,09053239+1815445,J090532.39+181544.2,136.384974,+18.262277,0.058,0.051,90,16.499,14.619,13.789,13.378,13.066,0.013,0.002,0.002,0.002,0.003,1237667292114390000,3,0,201810061010,3,2004.9705,-3,2,5,2,2572705263589030000,0.01418,0.00001,0,GALAXY,GALAXY,
0.265162,136.16383,18.25731,30,4,S,1,0,0,11.94,-0.03,3635,2,2,587741708329943000,09043929+1815261,J090439.32+181526.5,136.163857,+18.257379,0.002,0.001,0,17.193,15.376,14.583,14.176,13.905,0.011,0.003,0.002,0.002,0.003,1237667429554850000,3,1,200090021030,3,2005.0470,-5,2,1,2,2572737699182040000,0.01213,0.00001,0,GALAXY,GALAXY,
0.269815,136.32646,18.44226,30,5,S,1,0,0,11.95,-0.03,4188,2,2,587741708330074000,09051836+1826322,J090518.33+182631.9,136.326414,+18.442199,0.005,0.004,0,16.856,15.215,14.469,14.111,13.804,0.013,0.003,0.002,0.002,0.004,1237667429554980000,3,1,201010021030,3,2005.0470,-4,2,1,2,2572708837001820000,0.01397,0.00001,0,GALAXY,GALAXY,BROADLINE
0.216177,139.17437,30.91537,31,1,S,1,0,0,9.82,-0.04,6949,2,1,588017979413299000,09164185+3054551,J091641.85+305455.5,139.174412,+30.915418,0.002,0.002,90,15.824,13.797,12.816,12.328,12.014,0.007,0.002,0.002,0.002,0.002,1237664093977180000,3,1,201810021210,3,2003.9708,,,,,2182114747552390000,0.02319,0.00001,0,GALAXY,GALAXY,BROADLINE
0.151906,139.06517,30.82398,31,2,S,1,0,0,11.6,-0.05,6812,2,1,588017979413234000,09161561+3049261,J091615.64+304926.4,139.065189,+30.824019,0.002,0.002,90,16.896,15.085,14.280,13.898,13.626,0.010,0.002,0.002,0.002,0.003,1237664093977120000,3,0,201810021058,3,2003.9708,0,3,-1,3,2182100728779140000,0.02272,0.00001,0,GALAXY,GALAXY,AGN_BROADLINE
0.329776,139.15692,30.90537,31,3,S0,0,0.2,0.8,11.65,-0.05,6958,2,1,588017979413299000,09163765+3054191,J091637.68+305419.4,139.157022,+30.905397,0.002,0.002,90,17.052,15.247,14.430,14.028,13.738,0.010,0.002,0.002,0.002,0.003,1237664093977180000,3,1,201010021010,3,2003.9708,1,3,0,3,2182111998773320000,0.02321,0.00001,0,GALAXY,GALAXY,BROADLINE
0.083715,139.19246,30.9109,31,4,E,0,0.8,0.2,12.32,-0.02,6974,2,2,588017979413299000,09164620+3054391,J091646.19+305439.2,139.192484,+30.910911,0.002,0.002,90,17.755,15.917,15.123,14.736,14.474,0.017,0.003,0.003,0.003,0.004,1237664093977180000,3,1,200810021210,3,2003.9708,-2,3,7,3,2182113373162860000,0.02326,0.00001,0,GALAXY,GALAXY,
0.102322,141.97008,29.98573,32,1,S,1,0,0,10.24,-0.04,7993,2,1,587739158725001000,09275281+2959085,J092752.82+295908.7,141.970102,+29.985751,0.012,0.008,0,15.469,13.487,12.628,12.228,11.927,0.010,0.002,0.002,0.002,0.002,1237664879949910000,3,0,00002010100A1014,3,2004.2116,-6,3,-2,3,2183255216156080000,0.02666,0.00001,0,GALAXY,GALAXY,
0.273132,142.00383,30.03704,32,2,E,0,0.8,0.2,11.81,-0.06,7993,2,2,587739158725001000,09280090+3002135,J092800.92+300213.0,142.003854,+30.036967,0.002,0.002,90,17.055,15.159,14.358,13.971,13.693,0.013,0.002,0.002,0.002,0.003,1237664879949910000,3,0,00002010100A1014,3,2004.2116,-5,3,3,3,2183242022016540000,0.02667,0.00001,0,GALAXY,GALAXY,
0.394785,142.01692,29.99147,32,3,S,1,0,0,12.3,-0.05,8296,1,2,587739115781948000,09280405+2959294,J092804.09+295929.1,142.017040,+29.991435,0.005,0.004,0,16.472,15.352,14.833,14.549,14.344,0.009,0.003,0.002,0.003,0.004,1237664837006850000,3,1,201090021010,3,2004.2089,-8,4,13,4,2183259889080490000,0.02768,0.00001,0,GALAXY,GALAXY,STARBURST
0.207663,141.9905,30.01101,32,4,E,0,0.8,0.2,12.97,-0.01,7424,0,2,587739158725002000,09275774+3000395,J092757.70+300039.7,141.990439,+30.011033,0.005,0.005,90,17.838,16.027,15.279,14.914,14.694,0.032,0.004,0.003,0.003,0.007,1237664879949910000,3,0,00002010100A1014,3,2004.2116,-1,3,0,3,2183245045673520000,0.02477,0.00002,0,GALAXY,GALAXY,
0.054293,143.44204,10.15252,33,1,S,1,0,0,8.86,-0.02,3231,2,3,587735344799351000,09334609+1009093,J093346.08+100909.0,143.442038,+10.152505,0.002,0.002,90,15.137,12.980,12.037,11.542,11.183,0.006,0.002,0.001,0.001,0.002,1237661066024260000,3,1,201810161210,3,2003.0753,,,,,1467169400699250000,0.01078,0.00001,0,GALAXY,GALAXY,AGN_BROADLINE
0.205520,143.51158,10.10875,33,2,S0_pec,0,0.2,0.8,9.99,-0.02,3144,1,1,587735344799351000,09340276+1006315,J093402.78+100631.3,143.511617,+10.108706,0.002,0.002,90,15.380,13.582,12.730,12.366,12.026,0.005,0.002,0.002,0.002,0.002,1237661068171670000,3,1,0000B01010021010,3,2003.0756,-8,3,-3,3,1468284854289330000,0.01049,0.00001,0,GALAXY,GALAXY,BROADLINE
0.286936,143.69808,10.28373,33,3,S,1,0,0,10.15,-0.01,2432,8,1,587735344799482000,09344754+1017014,J093447.52+101701.4,143.697999,+10.283731,0.006,0.004,0,14.947,13.576,12.885,12.508,12.267,0.005,0.002,0.002,0.002,0.003,1237661068171740000,3,1,4301810021010,3,2003.0756,,,,,1468283479899790000,0.00766,0.00001,0,GALAXY,GALAXY,STARFORMING
0.737011,143.50075,10.02959,33,4,S0,0,0.5,0.5,11.37,-0.02,3136,5,1,587734949661770000,09340019+1001465,J093400.13+100146.3,143.500550,+10.029534,0.037,0.022,0,16.029,14.673,13.975,13.604,13.299,0.009,0.003,0.002,0.003,0.005,1237660670886670000,3,0,200810021058,3,2002.9526,-17,3,-1,3,1467193864832970000,0.01047,0.00002,0,GALAXY,GALAXY,STARFORMING
0.245249,156.24717,28.02389,36,1,E,0,0.8,0.2,10.14,-0.05,6417,27,1,587741566050304000,10245932+2801259,J102459.30+280125.9,156.247093,+28.023886,0.003,0.002,90,15.513,13.617,12.725,12.280,11.977,0.007,0.002,0.002,0.002,0.002,1237667255615420000,3,1,201010021010,3,2004.9566,1,4,0,4,2649333529040680000,0.02102,0.00013,4,QSO,GALAXY,
0.192461,156.28033,28.09473,36,2,S,1,0,0,11.6,-0.04,6130,2,1,587741566050370000,10250725+2805409,J102507.27+280541.2,156.280301,+28.094777,0.003,0.002,90,16.598,15.039,14.212,13.767,13.406,0.013,0.003,0.002,0.002,0.004,1237667255615420000,3,1,201810021010,3,2004.9566,-9,3,-1,3,2649342050255790000,0.02045,0.00001,0,GALAXY,GALAXY,STARFORMING
0.423085,156.30658,28.0162,36,3,S,1,0,0,12.26,-0.04,6520,2,2,587741534390518000,10251359+2800584,J102513.55+280058.1,156.306458,+28.016153,0.004,0.003,0,17.527,15.773,14.948,14.523,14.191,0.017,0.003,0.002,0.003,0.004,1237667255615420000,3,1,201010021010,3,2004.9566,-5,3,0,3,2649346173424400000,0.02175,0.00001,0,GALAXY,GALAXY,BROADLINE
0.203535,156.328,28.05566,36,4,S,1,0,0,12.43,-0.04,6304,0,2,587741566050370000,10251872+2803204,J102518.70+280320.3,156.327936,+28.055660,0.008,0.006,0,17.071,15.560,14.825,14.445,14.152,0.016,0.003,0.003,0.003,0.005,1237667255615490000,3,1,201010021010,3,2004.9566,-7,3,4,3,2649344524156950000,0.02103,0.00001,0,GALAXY,GALAXY,STARFORMING
0.364745,162.93196,51.02216,39,1,E,0,0.8,0.2,10.08,-0.05,7491,3,1,588013383811924000,10514368+5101195,J105143.63+510119.7,162.931799,+51.022161,0.002,0.001,90,15.937,14.004,13.160,12.757,12.488,0.008,0.002,0.002,0.002,0.002,1237657630060120000,3,1,201090021010,3,2001.9696,,,,,986412333108587000,0.02499,0.00001,0,GALAXY,GALAXY,
0.114433,162.93537,51.02509,39,2,E,0,0.5,0.5,10.44,-0.04,7137,0,1,588013383811924000,10514450+5101303,J105144.47+510130.2,162.935321,+51.025082,0.004,0.003,90,16.400,14.565,13.780,13.383,13.154,0.012,0.002,0.002,0.002,0.003,1237657630060120000,3,1,201010021010,3,2001.9696,,,,,0,,,,,,
0.032498,162.97379,51.00652,39,3,S,1,0,0,12.01,-0.05,8277,3,2,588013383811924000,10515373+5100234,J105153.71+510023.4,162.973790,+51.006511,0.003,0.003,90,16.062,14.997,14.395,14.045,13.842,0.010,0.003,0.003,0.003,0.006,1237657630060120000,3,0,0000B00810021058,3,2001.9696,5,3,-1,3,986413707498121000,0.02761,0.00001,0,GALAXY,GALAXY,STARBURST
0.562206,162.84679,50.93098,39,4,S,1,0,0,12.24,-0.03,7281,2,2,588013383811859000,10512323+5055516,J105123.24+505550.9,162.846864,+50.930831,0.096,0.089,0,17.459,15.813,15.036,14.588,14.271,0.016,0.003,0.003,0.003,0.004,1237657630060050000,3,0,200810161258,3,2001.9696,-7,4,0,4,986421678957423000,0.02429,0.00001,0,GALAXY,GALAXY,STARFORMING
0.230793,163.00321,50.84297,39,5,S,1,0,0,12.55,-0.05,7805,0,2,588013383811924000,10520073+5050344,J105200.77+505034.9,163.003215,+50.843034,0.003,0.003,90,17.652,15.905,15.158,14.780,14.506,0.015,0.003,0.003,0.003,0.004,1237657630060120000,3,1,201010021010,3,2001.9696,-2,3,2,3,986422778469050000,0.02604,0.00001,0,GALAXY,GALAXY,
0.379668,167.43512,21.75886,40,1,E,0,0.8,0.2,10.01,-0.06,9542,2,1,587742061602734000,11094441+2145316,J110944.44+214532.1,167.435194,+21.758940,0.003,0.003,90,15.803,13.744,12.903,12.463,12.185,0.010,0.002,0.002,0.002,0.002,1237667782827640000,3,0,00002008100A1014,3,2005.1944,-18,3,7,3,2805863584226110000,0.03183,0.00001,0,GALAXY,GALAXY,
0.387964,167.45962,21.81024,40,2,S0,0,0.2,0.8,11.4,-0.06,9432,2,1,587742014350557000,11095029+2148366,J110950.32+214837.1,167.459687,+21.810328,0.002,0.002,90,17.109,15.224,14.371,13.969,13.628,0.012,0.002,0.002,0.002,0.003,1237667735575460000,3,1,201090021010,3,2005.1891,-21,3,4,3,2805862484714480000,0.03147,0.00001,0,GALAXY,GALAXY,
0.252549,167.42162,21.74043,40,3,E,0,0.8,0.2,11.62,-0.05,9659,2,1,587742061602734000,11094118+2144256,J110941.19+214425.3,167.421651,+21.740366,0.002,0.002,90,17.385,15.385,14.540,14.118,13.835,0.014,0.002,0.002,0.002,0.003,1237667782827640000,3,0,00002010100A1214,3,2005.1944,11,3,16,3,2805861110324950000,0.03222,0.00001,0,GALAXY,GALAXY,
0.091130,167.42842,21.73551,40,4,S,1,0,0,12.37,-0.07,9562,0,0,587742061602734000,11094283+2144076,J110942.81+214407.7,167.428402,+21.735491,0.003,0.002,0,17.854,15.918,15.095,14.697,14.399,0.017,0.003,0.003,0.002,0.004,1237667782827640000,3,0,00002010100A1014,3,2005.1944,-2,3,3,3,0,,,,,,
0.306092,170.60979,24.29915,42,1,S0,0,0.5,0.5,10.07,-0.05,7539,2,1,587741829122556000,11222635+2417567,J112226.35+241756.6,170.609792,+24.299065,0.004,0.004,90,15.992,14.030,13.186,12.735,12.440,0.010,0.002,0.002,0.002,0.002,1237667550347460000,3,1,00002010100A1010,3,2005.0962,,,,,2811448553136740000,0.02515,0.00001,0,GALAXY,GALAXY,
0.360029,170.55533,24.31726,42,2,E,0,0.5,0.5,11.24,-0.05,7699,23,1,587742190436352000,11221325+2419017,J112213.27+241901.7,170.555328,+24.317160,0.003,0.003,90,17.039,15.114,14.228,13.790,13.403,0.013,0.002,0.002,0.002,0.003,1237667911661260000,3,0,00002010100A1014,3,2005.2516,-2,3,1,3,0,,,,,,
0.370645,170.55925,24.30024,42,3,S,1,0,0,11.47,-0.06,8200,3,1,587741829122556000,11221420+2418007,J112214.22+241800.4,170.559250,+24.300137,0.007,0.006,0,16.491,14.671,13.837,13.391,13.045,0.016,0.003,0.002,0.002,0.004,1237667550347460000,3,1,201090021010,3,2005.0962,-6,3,10,3,2811444704846050000,0.02735,0.00001,0,GALAXY,GALAXY,
0.329658,170.62729,24.29999,42,4,S,1,0,0,11.99,-0.06,7527,2,2,587741829122556000,11223052+2417597,J112230.54+241759.6,170.627250,+24.299906,0.002,0.002,90,17.242,15.477,14.685,14.275,14.018,0.015,0.003,0.002,0.002,0.004,1237667550347460000,3,1,00002010100A1010,3,2005.0962,1,3,-1,3,2811437008264650000,0.02511,0.00001,0,GALAXY,GALAXY,
0.176050,173.75,51.218,43,1,E,0,0.8,0.2,10.41,-0.05,8085,2,1,588013382204195000,11345999+5113048,J113500.01+511304.7,173.750077,+51.217992,0.003,0.002,90,15.617,13.795,13.003,12.590,12.294,0.007,0.002,0.002,0.002,0.002,1237657628452390000,3,1,201010021010,3,2001.9696,2,2,6,2,990871947204127000,0.02697,0.00001,0,GALAXY,GALAXY,
0.300908,173.80675,51.16191,43,2,E,0,0.8,0.2,11.75,-0.05,7949,2,1,588013382204195000,11351359+5109426,J113513.65+510942.9,173.806875,+51.161939,0.002,0.002,90,16.977,15.206,14.424,14.027,13.722,0.011,0.002,0.002,0.002,0.003,1237657628452390000,3,1,201010021010,3,2001.9696,0,2,1,2,990873871349475000,0.02652,0.00001,0,GALAXY,GALAXY,
0.071010,173.81517,51.2038,43,3,S,1,0,0,12.22,-0.05,7393,2,2,588013382204195000,11351563+5112136,J113515.63+511213.6,173.815140,+51.203794,0.002,0.002,90,17.582,15.750,14.920,14.508,14.199,0.015,0.003,0.002,0.002,0.004,1237657628452390000,3,1,201010021010,3,2001.9696,-2,2,4,2,990872496959941000,0.02466,0.00001,0,GALAXY,GALAXY,BROADLINE
0.514850,173.78608,51.2402,43,4,S,1,0,0,13.14,-0.04,8071,0,2,588013382204195000,11350862+5114247,J113508.71+511424.8,173.786304,+51.240228,0.226,0.159,90,17.759,16.478,15.730,15.269,15.159,0.029,0.005,0.004,0.007,0.018,1237657628452390000,3,0,0000B01010161010,3,2001.9696,-23,2,-6,2,990871672326220000,0.02692,0.00001,0,GALAXY,GALAXY,STARFORMING
0.314939,175.54621,10.27774,44,1,S,1,0,0,9.63,-0.02,6267,6,1,587734893288096000,11421107+1016398,J114211.10+101640.0,175.546288,+10.277782,0.002,0.002,90,15.077,13.596,12.724,12.307,11.953,0.006,0.002,0.002,0.002,0.002,1237660614513000000,3,0,00042009900A1014,3,2002.9445,-11,3,-17,3,0,,,,,,
0.197227,175.59883,10.26413,44,2,S,1,0,0,9.92,-0.04,6475,2,1,587734893288096000,11422374+1015508,J114223.73+101550.9,175.598883,+10.264147,0.002,0.001,90,15.326,13.464,12.644,12.237,11.956,0.006,0.002,0.002,0.002,0.002,1237660614513000000,3,1,201010021210,3,2002.9445,-4,3,2,3,1379364596262920000,0.02160,0.00001,0,GALAXY,GALAXY,BROADLINE
0.068701,175.47063,10.3044,44,3,S,1,0,0,10.3,-0.04,6074,2,1,587732772126261000,11415296+1018160,J114152.94+101815.7,175.470621,+10.304383,0.003,0.002,90,15.901,13.989,13.173,12.749,12.454,0.008,0.002,0.002,0.002,0.002,1237658493351170000,3,1,201090021010,3,2002.1938,-6,3,18,3,1379356624803620000,0.02026,0.00001,0,GALAXY,GALAXY,AGN
0.411056,175.52442,10.35125,44,4,E,0,0.8,0.2,10.7,-0.04,6217,2,1,587732772126261000,11420585+1021047,J114205.86+102104.0,175.524437,+10.351137,0.002,0.002,90,16.268,14.302,13.462,13.039,12.753,0.009,0.002,0.002,0.002,0.002,1237658493351170000,3,1,201010021010,3,2002.1938,-8,3,3,3,1379357724315250000,0.02074,0.00001,0,GALAXY,GALAXY,
0.337042,175.52042,10.38416,44,5,S,1,0,0,11.81,-0.02,6093,4,2,587732772126262000,11420490+1023027,J114204.90+102303.3,175.520446,+10.384250,0.014,0.009,0,16.188,14.938,14.355,14.048,13.846,0.009,0.003,0.002,0.002,0.004,1237658493351170000,3,1,201010021010,3,2002.1938,-2,3,2,3,1379358274071060000,0.02033,0.00001,0,GALAXY,GALAXY,STARFORMING
0.180925,175.63692,26.48886,45,1,E,0,0.8,0.2,10.06,-0.05,9090,3,1,587741600954712000,11423285+2629198,J114232.84+262919.9,175.636868,+26.488879,0.002,0.002,90,15.706,13.764,12.912,12.477,12.126,0.006,0.002,0.002,0.002,0.002,1237667322179620000,3,1,4201010021010,3,2004.9732,-16,3,-11,3,2500683130344600000,0.03032,0.00001,0,GALAXY,GALAXY,
0.326881,175.71767,26.54061,45,2,S,1,0,0,10.93,-0.05,8543,2,1,587741600954712000,11425225+2632260,J114252.23+263226.4,175.717629,+26.540693,0.002,0.002,90,17.226,15.199,14.222,13.741,13.369,0.013,0.002,0.002,0.002,0.003,1237667322179620000,3,1,201090021010,3,2004.9732,,,,,2500675158885300000,0.02850,0.00001,0,GALAXY,GALAXY,BROADLINE
0.329036,175.79937,26.55894,45,3,S,1,0,0,11.05,-0.06,9017,3,1,587741600954778000,11431185+2633320,J114311.83+263332.4,175.799310,+26.559014,0.002,0.002,90,16.671,14.810,13.898,13.439,13.096,0.010,0.002,0.002,0.002,0.003,1237667322179680000,3,0,00002010100A1014,3,2004.9732,-6,3,-16,3,2500669661327160000,0.03008,0.00001,0,GALAXY,GALAXY,BROADLINE
0.446029,175.79475,26.57451,45,4,E,0,0.8,0.2,11.67,-0.06,9320,3,1,587741708346327000,11431073+2634280,J114310.75+263428.6,175.794818,+26.574618,0.002,0.002,90,17.214,15.312,14.441,14.052,13.752,0.012,0.002,0.002,0.002,0.003,1237667429571230000,3,0,00002008100A105C,3,2005.0472,-9,3,0,3,2500668012059720000,0.03109,0.00001,0,GALAXY,GALAXY,
0.238601,176.05829,33.5145,46,1,E,0,0.8,0.2,10.16,-0.06,9517,3,1,587739405705151000,11441398+3330521,J114413.97+333052.2,176.058211,+33.514508,0.002,0.002,90,15.594,13.690,12.840,12.426,12.158,0.007,0.002,0.002,0.002,0.002,1237665126930060000,3,1,201010021010,3,2004.2910,2,2,-1,2,2361073186113610000,0.03175,0.00001,0,GALAXY,GALAXY,
0.094198,176.01396,33.53504,46,2,S,1,0,0,11.73,-0.05,9325,3,1,587739405705150000,11440335+3332060,J114403.35+333206.2,176.013975,+33.535063,0.003,0.002,0,17.400,15.472,14.603,14.162,13.820,0.015,0.003,0.002,0.002,0.004,1237665126930060000,3,1,0000B01010021010,3,2004.2910,-1,2,5,2,2361074010747330000,0.03111,0.00001,0,GALAXY,GALAXY,BROADLINE
0.222512,176.03883,33.48227,46,3,E,0,0.8,0.2,12.33,-0.05,9435,3,2,587739405705151000,11440934+3328561,J114409.30+332856.1,176.038756,+33.482270,0.003,0.003,90,17.460,15.620,14.807,14.421,14.140,0.017,0.003,0.002,0.002,0.004,1237665126930060000,3,1,201010021010,3,2004.2910,-5,2,6,2,2361076209770590000,0.03148,0.00001,0,GALAXY,GALAXY,
0.118664,176.018,33.54277,46,4,S,1,0,0,12.65,-0.04,9230,0,2,587739405705150000,11440431+3332340,J114404.32+333233.9,176.018038,+33.542761,0.006,0.005,0,17.621,16.216,15.515,15.148,14.876,0.016,0.003,0.003,0.003,0.006,1237665126930060000,3,1,0000B01010021010,3,2004.2910,-4,2,8,2,5231019297320920000,0.03185,0.00002,0,BRIGHTGAL,GALAXY,STARFORMING
0.297241,179.48396,55.45355,47,1,E,0,0.8,0.2,7.42,-0.01,1040,13,1,587733081348571000,11575616+5527128,J115756.13+552713.0,179.483880,+55.453619,0.094,0.078,90,13.951,12.007,11.475,10.753,10.447,0.003,0.002,0.007,0.002,0.002,1237658802573480000,3,0,0000B818921E0010,3,2002.2482,7,3,-19,3,0,,,,,,
0.324896,179.11729,55.12532,47,2,S,1,0,0,8.92,-0.01,1113,3,1,587731869633872000,11562816+5507313,J115628.13+550730.8,179.117242,+55.125234,0.002,0.002,90,13.494,12.079,11.430,11.119,10.937,0.003,0.002,0.002,0.002,0.002,1237657590858780000,3,1,0004B01090021010,3,2001.9641,129,16,193,16,1146264831163130000,0.00371,0.00001,0,GALAXY,GALAXY,AGN
0.381910,178.93796,55.32064,47,3,S,1,0,0,9.63,-0.01,855,4,1,587733081348440000,11554511+5519144,J115545.09+551914.6,178.937877,+55.320735,0.030,0.028,90,14.499,13.106,12.402,12.014,11.813,0.006,0.002,0.002,0.002,0.003,1237658802573340000,3,1,0004B00810021110,3,2002.2482,157,4,-41,4,1146264281407320000,0.00285,0.00002,0,GALAXY,GALAXY,STARFORMING
0.160273,179.39825,55.45879,47,4,S0,0,0.2,0.8,9.63,-0.01,695,40,1,587733081348571000,11573559+5527318,J115735.59+552731.7,179.398308,+55.458820,0.002,0.001,90,14.769,13.080,12.313,11.928,11.697,0.004,0.002,0.002,0.002,0.002,1237658802573480000,3,0,00002008101A1010,3,2002.2482,-2,4,5,4,0,,,,,,
0.914057,184.84692,5.82471,48,1,E,0,0.8,0.2,7.4,-0.02,2238,7,1,588010360162091000,12192326+0549289,J121923.22+054929.7,184.846775,+5.824919,0.004,0.003,0,13.088,11.175,10.325,9.875,9.571,0.011,0.001,0.001,0.001,0.002,1237654606410290000,3,0,00002008100A105C,3,2001.1402,9,3,-4,3,0,,,,,,
0.296272,184.84267,6.09876,48,2,S,1,0,0,8.64,-0.01,1776,2,1,588010360698962000,12192224+0605556,J121922.23+060555.2,184.842663,+6.098678,0.003,0.002,90,14.472,12.588,11.824,11.370,11.054,0.004,0.002,0.002,0.002,0.002,1237654606947160000,3,0,00002008100A1058,3,2001.1402,11,3,18,3,950414867288844000,0.00593,0.00001,0,GALAXY,GALAXY,BROADLINE
0.345151,184.89908,5.84676,48,3,S,1,0,0,9.98,-0.02,2507,1,1,588010880371851000,12193577+0550484,J121935.75+055048.3,184.898984,+5.846752,0.003,0.002,90,14.857,13.221,12.463,12.047,11.755,0.005,0.002,0.002,0.002,0.002,1237655126620050000,3,0,00002010100A1014,3,2001.2900,20,4,-12,4,950416516556286000,0.00836,0.00001,0,GALAXY,GALAXY,
0.187159,184.95496,6.01498,48,4,E,0,0.8,0.2,10.02,-0.02,2073,19,1,588010880371851000,12194918+0600541,J121949.18+060053.7,184.954928,+6.014939,0.794,0.794,90,15.025,13.199,12.441,12.383,11.905,0.005,0.002,0.002,0.009,0.002,1237655126620050000,3,0,00002008101E1014,3,2001.2900,-25,3,2,3,0,,,,,,
0.137672,185.9125,7.05398,49,2,S0,0,0.2,0.8,9.04,-0.01,751,24,1,588017728688751000,12233902+0703141,J122339.00+070314.4,185.912513,+7.054016,0.001,0.001,90,14.752,12.784,11.972,11.529,11.230,0.004,0.002,0.002,0.002,0.002,1237661974936940000,3,0,0000B018100A1014,3,2003.2481,-65,5,329,5,1829604718607890000,0.29283,0.00015,0,QSO,GALAXY,
0.375368,185.91121,6.95398,49,3,S,1,0,0,9.05,-0.01,993,1,1,588017728688751000,12233869+0657141,J122338.69+065714.7,185.911217,+6.954084,0.003,0.003,90,14.523,12.728,11.855,11.355,10.975,0.005,0.002,0.002,0.002,0.002,1237661974936940000,3,0,00042008100A105C,3,2003.2481,,,,,1829605543241610000,0.00332,0.00001,0,GALAXY,GALAXY,BROADLINE
0.985290,186.22883,7.44451,49,4,S,1,0,0,9.41,0.0,771,3,1,588017729225818000,12245493+0726404,J122454.91+072641.2,186.228791,+7.444781,0.024,0.013,90,15.392,13.536,12.508,11.998,11.714,0.010,0.002,0.002,0.002,0.002,1237661975474010000,3,0,0004B008900A105C,3,2003.2481,,,,,1830762235044060000,0.00258,0.00001,0,GALAXY,GALAXY,
1.623036,186.42775,7.21676,49,5,S,1,0,0,9.78,-0.01,999,5,1,588017724937994000,12254263+0713001,J122542.56+071259.6,186.427337,+7.216572,0.088,0.038,0,15.716,13.818,13.012,12.552,12.241,0.016,0.005,0.004,0.004,0.013,1237661971186190000,3,0,200810021058,3,2003.2478,,,,,1831925243485120000,0.00334,0.00002,0,GALAXY,GALAXY,STARFORMING
0.284494,186.97321,12.29323,50,1,S,1,0,0,8.99,-0.01,723,18,1,588017703470367000,12275357+1217354,J122753.57+121735.9,186.973213,+12.293309,0.002,0.002,90,14.201,12.396,11.626,11.222,10.964,0.004,0.002,0.001,0.001,0.002,1237658629695280000,3,1,0000B010100A1014,3,2002.2242,-3,4,7,4,0,,,,,,
0.397634,186.864,12.29033,50,2,dS0n,0,0.2,0.8,10.56,-0.01,934,10,1,588017703470301000,12272735+1217252,J122727.38+121725.0,186.864105,+12.290289,0.011,0.010,0,15.519,13.754,13.019,12.642,12.450,0.010,0.002,0.002,0.002,0.003,1237658629695280000,3,1,201010021010,3,2002.2242,-8,3,12,3,1818459244551240000,0.33026,0.00005,0,GALAXY,GALAXY,
0.309205,186.92175,12.31595,50,3,S0,0,0.2,0.8,10.95,-0.01,1113,2,1,588017703470301000,12274122+1218574,J122741.23+121857.2,186.921820,+12.315898,0.060,0.056,0,15.300,13.670,13.021,12.663,12.394,0.009,0.002,0.002,0.002,0.003,1237658629695280000,3,0,200810061058,3,2002.2242,78,10,51,10,1818458419917510000,0.00372,0.00001,0,GALAXY,GALAXY,
0.368520,187.03579,12.09326,50,4,E,0,0.8,0.2,11.25,-0.02,1921,3,1,588017566027547000,12280859+1205356,J122808.61+120535.8,187.035890,+12.093290,0.008,0.008,90,15.542,13.844,13.108,12.749,12.470,0.012,0.002,0.002,0.002,0.003,1237661812275740000,3,1,201010021110,3,2003.2230,-9,3,0,3,1817219269541260000,0.00641,0.00001,0,GALAXY,GALAXY,
0.288816,195.47396,27.62441,52,1,E,0,0.8,0.2,10.03,-0.06,7856,2,1,587741602573058000,13015375+2737277,J130153.73+273728.0,195.473879,+27.624446,0.002,0.002,90,15.540,13.595,12.755,12.328,12.052,0.006,0.002,0.002,0.002,0.002,1237667323797960000,3,1,0000B01090021010,3,2004.9733,-9,3,-2,3,2523302564754120000,0.02621,0.00001,0,GALAXY,GALAXY,
0.438386,195.53296,27.64834,52,2,S,1,0,0,12.02,-0.05,6898,2,2,587741602573058000,13020791+2738539,J130207.87+273853.8,195.532831,+27.648298,0.006,0.004,90,15.995,14.816,14.275,14.005,13.758,0.007,0.002,0.002,0.002,0.004,1237667323797960000,3,1,200890021010,3,2004.9733,-12,3,-10,3,2524387782462300000,0.02301,0.00001,0,GALAXY,GALAXY,STARBURST
0.277282,195.45162,27.60402,52,3,S,1,0,0,12.88,-0.06,8229,0,2,587741602572993000,13014841+2736147,J130148.37+273614.2,195.451563,+27.603962,0.005,0.004,0,17.700,15.996,15.244,14.878,14.622,0.016,0.003,0.003,0.003,0.005,1237667323797900000,3,1,201010021010,3,2004.9733,1,3,6,3,2523303664265750000,0.02745,0.00001,0,GALAXY,GALAXY,
0.189287,195.50437,27.653,52,4,S,1,0,0,12.9,-0.05,7089,0,2,587741602573058000,13020106+2739109,J130201.03+273910.6,195.504322,+27.652969,0.006,0.005,0,17.457,15.734,14.993,14.626,14.354,0.017,0.003,0.003,0.003,0.005,1237667323797960000,3,1,201010021030,3,2004.9733,-6,3,2,3,2524374038566950000,0.02365,0.00001,0,GALAXY,GALAXY,
0.155982,197.14842,33.97584,54,1,S,1,0,0,10.5,-0.06,10151,3,1,587739406786560000,13083562+3358330,J130835.63+335832.9,197.148471,+33.975831,0.003,0.002,90,16.533,14.488,13.573,13.109,12.733,0.012,0.002,0.002,0.002,0.003,1237665128011460000,3,1,4200810021010,3,2004.2911,7,2,7,2,2356600653175880000,0.03387,0.00001,0,GALAXY,GALAXY,
0.258069,196.97842,34.08704,54,2,S,1,0,0,11.17,-0.06,10087,3,1,587739406786495000,13075483+3405131,J130754.81+340513.5,196.978381,+34.087104,0.002,0.002,90,16.455,14.724,13.958,13.557,13.237,0.010,0.002,0.002,0.002,0.003,1237665128011400000,3,1,0000B01010021010,3,2004.2911,-20,2,-3,2,2356600928053780000,0.03365,0.00001,0,GALAXY,GALAXY,BROADLINE
0.160228,197.01737,34.00755,54,3,S0,0,0.2,0.8,11.26,-0.06,9943,3,1,587739406786495000,13080418+3400272,J130804.16+340027.3,197.017352,+34.007592,0.002,0.001,90,16.847,14.971,14.166,13.774,13.477,0.010,0.002,0.002,0.002,0.003,1237665128011400000,3,1,201090021010,3,2004.2911,-5,2,6,2,2356597354640990000,0.03317,0.00001,0,GALAXY,GALAXY,
4.927621,197.11254,34.07038,54,4,S,0.5,0,0.5,12.2,-0.03,10339,0,2,587739406786560000,13082700+3404129,J130827.34+340416.0,197.113931,+34.071119,0.024,0.021,0,21.173,18.640,17.917,17.636,18.012,0.894,0.036,0.031,0.037,0.211,1237665128011460000,3,1,0000F01010021310,3,2004.2911,,,,,0,,,,,,
0.218175,201.04175,13.97648,56,1,E,0,0.8,0.2,9.37,-0.05,6885,2,1,587738568710357000,13241000+1358351,J132410.02+135835.5,201.041759,+13.976540,0.055,0.048,90,14.756,12.792,11.946,11.575,11.273,0.005,0.002,0.001,0.002,0.002,1237664289935260000,3,0,201010161010,3,2004.0751,-5,3,0,3,1997399824118340000,0.02297,0.00001,0,GALAXY,GALAXY,BROADLINE
0.429484,201.12042,14.09258,56,2,S,1,0,0,9.98,-0.05,7320,27,1,587736808298775000,13242889+1405332,J132428.93+140533.2,201.120543,+14.092580,0.003,0.003,90,15.521,13.631,12.798,12.381,12.027,0.009,0.002,0.002,0.002,0.002,1237662529523680000,3,0,00042008900A125C,3,2003.4092,5,3,16,3,0,,,,,,
0.229725,201.10071,13.93755,56,3,S,1,0,0,11.51,-0.04,6826,2,1,587738568710357000,13242415+1356152,J132424.18+135615.0,201.100765,+13.937515,0.004,0.003,0,16.858,15.143,14.298,13.885,13.483,0.014,0.003,0.002,0.002,0.003,1237664289935260000,3,1,201010161010,3,2004.0751,-7,3,2,3,1997392127536950000,0.02277,0.00001,0,GALAXY,GALAXY,STARFORMING
0.467014,201.21862,14.07726,56,4,S,1,0,0,12.25,-0.03,7288,5,2,587736808298840000,13245247+1404382,J132452.49+140437.9,201.218737,+14.077197,0.011,0.009,90,16.860,15.493,14.811,14.444,14.130,0.017,0.003,0.003,0.003,0.006,1237662529523740000,3,1,201010021010,3,2003.4092,-3,3,5,3,1997394601438110000,0.02431,0.00002,0,GALAXY,GALAXY,STARFORMING
0.170714,208.042,2.32511,57,1,E,0,0.8,0.2,9.8,-0.05,7109,31,1,587726032797696000,13521008+0219305,J135210.09+021930.4,208.042044,+2.325128,0.002,0.002,90,15.211,13.313,12.488,12.083,11.849,0.007,0.002,0.002,0.002,0.002,1237651754022600000,3,1,201010021010,3,2000.3432,11,3,-6,3,0,,,,,,
0.161986,208.09512,2.34579,57,2,S,1,0,0,11.64,-0.05,6997,2,1,587726032797696000,13522284+0220448,J135222.82+022044.9,208.095084,+2.345817,0.003,0.003,90,16.875,15.133,14.321,13.906,13.594,0.014,0.003,0.002,0.002,0.004,1237651754022600000,3,1,201090021010,3,2000.3432,-5,4,17,4,596748974849812000,0.02334,0.00001,0,GALAXY,GALAXY,STARFORMING_BROADLINE
0.282173,208.06067,2.35953,57,3,S,1,0,0,12.05,-0.04,7107,3,2,587726032797696000,13521455+0221345,J135214.57+022134.3,208.060745,+2.359553,0.004,0.004,90,17.035,15.471,14.683,14.266,13.978,0.017,0.003,0.003,0.003,0.005,1237651754022600000,3,1,201810021010,3,2000.3432,,,,,596748699971906000,0.02371,0.00001,0,GALAXY,GALAXY,STARFORMING
0.326397,208.04812,2.3152,57,4,E,0,0.8,0.2,12.51,-0.04,7082,0,2,587726032797696000,13521155+0218545,J135211.55+021855.0,208.048154,+2.315284,0.004,0.004,90,19.331,17.422,16.574,16.200,15.932,0.036,0.005,0.004,0.004,0.008,1237651754022600000,3,1,201012020010,3,2000.3432,4,3,6,3,596747875338185000,0.02363,0.00001,0,GALAXY,GALAXY,
0.115835,210.155,-2.85779,59,1,S0a,0,0.5,0.5,9.82,-0.04,7446,2,1,587729776905487000,14003719-0251281,J140037.20-025128.1,210.155014,-2.857819,0.003,0.002,90,15.537,13.522,12.610,12.131,11.769,0.009,0.002,0.002,0.002,0.002,1237655498130390000,3,1,201010021110,3,2001.3943,-20,3,0,3,1030259203765200000,0.02484,0.00001,0,GALAXY,GALAXY,AGN_BROADLINE
0.150510,210.12525,-2.81067,59,2,S0,0,0.5,0.5,11.25,-0.05,7856,3,1,587729776905487000,14003005-0248387,J140030.05-024838.2,210.125238,-2.810630,0.002,0.002,90,17.060,15.091,14.185,13.703,13.314,0.013,0.002,0.002,0.002,0.003,1237655498130390000,3,1,201010021010,3,2001.3943,-10,3,-1,3,1030261677666360000,0.02621,0.00001,0,GALAXY,GALAXY,
0.437838,210.1525,-2.90899,59,3,S,1,0,0,11.49,-0.04,7204,16,1,587729772610126000,14003658-0254321,J140036.61-025432.7,210.152556,-2.909098,0.003,0.003,90,16.943,15.099,14.239,13.819,13.489,0.014,0.003,0.002,0.002,0.003,1237655493835030000,3,1,201010021010,3,2001.3941,-9,3,-1,3,4546508708376930000,0.02403,0.00001,0,BRIGHTGAL,GALAXY,
0.434364,210.15825,-2.90621,59,4,S,1,0,0,11.95,-0.05,7581,2,2,587729772610126000,14003799-0254221,J140037.96-025422.7,210.158181,-2.906309,0.003,0.002,0,17.332,15.486,14.626,14.229,13.901,0.015,0.003,0.002,0.002,0.004,1237655493835030000,3,0,0000B01010021010,3,2001.3941,-1,3,-1,3,1030267450102410000,0.02529,0.00001,0,GALAXY,GALAXY,
0.285562,210.15633,-2.87309,59,5,S,1,0,0,12.12,-0.04,7064,2,2,587729776905487000,14003752-0252231,J140037.50-025223.3,210.156270,-2.873142,0.003,0.003,90,17.750,15.735,14.914,14.487,14.143,0.019,0.003,0.003,0.002,0.004,1237655498130390000,3,0,0000B01010021058,3,2001.3943,-5,3,0,3,1030259478643110000,0.02356,0.00001,0,GALAXY,GALAXY,
0.205791,210.16671,-2.83202,59,6,S,1,0,0,12.51,-0.05,7165,0,2,587729776905487000,14003999-0249551,J140040.02-024955.4,210.166751,-2.832060,0.026,0.014,0,18.156,16.258,15.393,14.939,14.602,0.028,0.004,0.003,0.003,0.005,1237655498130390000,3,1,200810021010,3,2001.3943,-4,3,3,3,1030262777177990000,0.02390,0.00001,0,GALAXY,GALAXY,
0.192165,214.82342,35.13794,60,1,E,0,0.8,0.2,10.34,-0.05,8529,26,1,587736940371247000,14191759+3508168,J141917.63+350816.6,214.823483,+35.137954,0.001,0.001,90,16.036,14.112,13.262,12.863,12.545,0.007,0.002,0.002,0.002,0.002,1237662661596150000,3,1,0000B01010021010,3,2003.4748,-2,2,-3,2,0,,,,,,
0.122894,214.83879,35.09214,60,2,S,1,0,0,11.86,-0.05,8459,2,2,587736940371247000,14192133+3505318,J141921.31+350531.7,214.838822,+35.092162,0.003,0.003,90,16.101,14.775,14.104,13.753,13.455,0.010,0.002,0.002,0.002,0.004,1237662661596150000,3,1,201010021010,3,2003.4748,6,2,3,2,1851062787602670000,0.02822,0.00001,0,GALAXY,GALAXY,STARFORMING
0.335100,214.78221,35.183,60,3,S,1,0,0,12.86,-0.03,8580,0,2,588017977829818000,14190772+3510588,J141907.75+351058.8,214.782320,+35.183024,0.066,0.060,90,18.352,16.605,15.793,15.339,15.110,0.029,0.004,0.004,0.004,0.008,1237662224078010000,3,0,00002010100E1014,3,2003.3164,,,,,0,,,,,,
0.292691,214.85321,35.12854,60,4,S,1,0,0,13.06,-0.01,8538,0,2,587736940371247000,14192476+3507427,J141924.79+350742.5,214.853292,+35.128494,0.008,0.006,90,17.717,16.356,15.688,15.344,15.074,0.021,0.004,0.003,0.004,0.009,1237662661596150000,3,1,201010021030,3,2003.4748,2,2,2,2,1851063337358490000,0.02849,0.00001,0,GALAXY,GALAXY,STARFORMING
0.472743,216.8945,11.33057,61,1,S0,0,0.2,0.8,10.45,-0.06,7993,2,1,588017704556888000,14273466+1119498,J142734.70+111950.2,216.894622,+11.330624,0.071,0.061,0,16.011,14.082,13.232,12.821,12.553,0.008,0.002,0.002,0.002,0.002,1237661950805080000,3,0,00002000101E1010,3,2003.2452,4,2,-7,2,1922078881683110000,0.02667,0.00001,0,GALAXY,GALAXY,
0.526067,216.81058,11.33917,61,2,S,1,0,0,11.12,-0.05,8324,2,1,588017704556888000,14271453+1120212,J142714.56+112020.7,216.810699,+11.339082,0.002,0.002,90,16.381,14.424,13.597,13.201,12.924,0.015,0.002,0.002,0.002,0.003,1237661950805080000,3,1,201010021010,3,2003.2452,0,2,1,2,1922067611688920000,0.02777,0.00001,0,GALAXY,GALAXY,AGN
0.292492,216.84317,11.27148,61,3,S,1,0,0,12.78,-0.06,8162,0,2,587736478664557000,14272235+1116172,J142722.38+111617.2,216.843252,+11.271468,0.005,0.004,0,17.867,16.023,15.251,14.885,14.627,0.025,0.004,0.003,0.003,0.006,1237662199889460000,3,1,201090021010,3,2003.3137,-2,2,8,2,1922070085590080000,0.02723,0.00001,0,GALAXY,GALAXY,
0.138023,216.88758,11.37001,61,4,S0,0,0.2,0.8,12.81,-0.06,7424,0,2,588017704556888000,14273302+1122118,J142733.02+112211.9,216.887603,+11.369979,0.004,0.002,0,17.747,16.146,15.390,15.019,14.782,0.014,0.003,0.003,0.003,0.004,1237661950805080000,3,0,1022290020000,3,2003.2452,-4,2,1,2,1922085203874970000,0.02477,0.00001,0,GALAXY,GALAXY,
0.133567,217.06817,25.84878,62,1,S0a,0,0.2,0.8,9.33,-0.03,4497,24,1,587739720299578000,14281635+2550557,J142816.37+255055.5,217.068206,+25.848762,0.002,0.002,90,14.920,13.018,12.200,11.780,11.480,0.005,0.002,0.002,0.002,0.002,1237665441524480000,3,0,00002010900A1014,3,2004.3924,17,2,-2,2,0,,,,,,
0.221759,217.03012,25.86878,62,2,S,1,0,0,10.18,-0.03,4371,2,1,587739707410416000,14280724+2552077,J142807.23+255207.8,217.030151,+25.868835,0.002,0.002,90,15.761,13.888,13.041,12.622,12.349,0.006,0.002,0.002,0.002,0.002,1237665428635320000,3,0,00002008101A1014,3,2004.3897,,,,,2399313106518960000,0.01458,0.00001,0,GALAXY,GALAXY,BROADLINE
0.313167,217.05612,25.94743,62,3,S,1,0,0,10.72,-0.02,4021,2,1,587739707410416000,14281346+2556507,J142813.49+255650.6,217.056212,+25.947403,0.061,0.054,90,16.025,14.461,13.647,13.262,12.929,0.007,0.002,0.002,0.002,0.003,1237665428635320000,3,0,00002008101E105C,3,2004.3897,-2,2,6,2,2403901093797980000,0.01342,0.00001,0,GALAXY,GALAXY,STARFORMING_BROADLINE
0.253441,216.96162,25.83809,62,4,S,1,0,0,11.27,-0.03,4405,3,1,587739720299577000,14275077+2550172,J142750.80+255017.0,216.961696,+25.838073,0.003,0.003,90,16.352,14.685,13.906,13.521,13.226,0.011,0.002,0.002,0.002,0.003,1237665441524480000,3,1,201010021010,3,2004.3924,,,,,2403902193309610000,0.01469,0.00001,0,GALAXY,GALAXY,STARFORMING
0.263571,233.98754,43.49317,64,1,E,0,0.8,0.2,9.62,-0.04,5659,47,1,587733411526607000,15355700+4329351,J153557.00+432935.6,233.987522,+43.493242,0.056,0.054,90,15.145,13.240,12.363,11.971,11.662,0.006,0.002,0.002,0.002,0.002,1237659132751510000,3,0,00002010901E1010,3,2002.3502,-4,3,-11,3,0,,,,,,
0.181093,234.17571,43.53936,64,2,S,1,0,0,10.31,-0.04,5566,2,1,587733411526673000,15364216+4332217,J153642.16+433221.5,234.175674,+43.539317,0.003,0.003,90,15.734,13.826,12.963,12.548,12.225,0.010,0.002,0.002,0.002,0.002,1237659132751580000,3,1,201010021010,3,2002.3502,-4,4,-1,4,1184585556714090000,0.01857,0.00001,0,GALAXY,GALAXY,
0.267004,234.11283,43.51877,64,3,S,1,0,0,10.53,-0.03,6038,2,1,587733411526672000,15362709+4331075,J153627.05+433107.6,234.112729,+43.518782,0.003,0.002,0,15.739,14.178,13.391,12.954,12.598,0.009,0.002,0.002,0.002,0.003,1237659132751580000,3,1,4201810021014,3,2002.3502,-6,3,-5,3,1184584457202460000,0.02015,0.00001,0,GALAXY,GALAXY,STARFORMING
0.124539,234.01162,43.50344,64,4,E,0,0.8,0.2,11.45,-0.04,5597,2,1,587733411526607000,15360279+4330122,J153602.79+433012.4,234.011648,+43.503468,0.002,0.002,90,16.871,14.971,14.160,13.754,13.439,0.011,0.002,0.002,0.002,0.003,1237659132751510000,3,0,0000B010101E1010,3,2002.3502,2,3,-2,3,1184587205981530000,0.01868,0.00001,0,GALAXY,GALAXY,
2.756953,234.14662,43.42562,64,5,S,1,0,0,12.3,-0.05,5768,0,2,587733411526673000,15363521+4325326,J153635.12+432529.5,234.146354,+43.424879,0.018,0.017,90,15.740,14.684,14.258,14.061,13.846,0.009,0.002,0.002,0.002,0.006,1237659132751580000,3,1,601010021010,3,2002.3502,-9,3,22,3,1184587755737340000,0.01939,0.00001,0,GALAXY,GALAXY,STARFORMING
0.105225,243.16725,33.03487,65,1,E,0,0.8,0.2,10.51,-0.06,9601,3,1,587736783607366000,16124014+3302054,J161240.14+330205.6,243.167266,+33.034896,0.003,0.002,0,16.380,14.400,13.561,13.138,12.821,0.010,0.002,0.002,0.002,0.003,1237662504832270000,3,0,200810021058,3,2003.4067,,,,,1894957770583600000,0.03203,0.00001,0,GALAXY,GALAXY,
0.145928,243.17221,33.03768,65,2,pec,0.3,0.40,0.3,11.19,-0.05,9446,0,1,587736783607366000,16124129+3302158,J161241.33+330215.7,243.172218,+33.037720,0.002,0.002,90,17.086,15.248,14.454,14.031,13.666,0.019,0.003,0.002,0.003,0.005,1237662504832270000,3,1,600810021110,3,2003.4067,10,3,17,3,1597813099010750000,0.03151,0.00001,0,GALAXY,GALAXY,
0.382087,243.25321,33.0353,65,3,S,1,0,0,12.99,-0.04,9368,0,2,587736783607366000,16130077+3302069,J161300.75+330207.4,243.253141,+33.035389,0.003,0.003,90,18.425,16.601,15.779,15.390,15.088,0.022,0.004,0.003,0.003,0.005,1237662300835810000,3,1,201010020010,3,2003.3244,-1,3,2,3,1597824094127020000,0.03125,0.00001,0,GALAXY,GALAXY,
0.200794,243.23625,33.05165,65,4,S,1,0,0,13.26,-0.06,9410,0,2,587736783607366000,16125671+3303059,J161256.69+330306.1,243.236239,+33.051705,0.005,0.005,90,17.663,16.075,15.376,15.026,14.767,0.019,0.004,0.003,0.003,0.006,1237662300835810000,3,1,201090021010,3,2003.3244,-8,3,0,3,1597824643882840000,0.03139,0.00001,0,GALAXY,GALAXY,
0.116590,249.47471,36.07307,66,1,S0,0,0.2,0.8,9.91,-0.06,9399,3,1,587733608555217000,16375395+3604233,J163753.92+360422.9,249.474676,+36.073053,0.002,0.002,90,15.579,13.626,12.737,12.330,12.069,0.007,0.002,0.002,0.002,0.002,1237659329780120000,3,1,201810021014,3,2002.4377,-8,3,11,3,1321937104313280000,0.03135,0.00001,0,GALAXY,GALAXY,
0.172292,249.49954,35.99551,66,2,S,1,0,0,11.18,-0.06,9618,2,1,587733603732423000,16375990+3559438,J163759.87+355943.8,249.499481,+35.995507,0.003,0.002,90,16.636,14.729,13.887,13.477,13.169,0.012,0.002,0.002,0.002,0.003,1237659324957330000,3,1,201010021010,3,2002.4375,,,,,1321937379191190000,0.03208,0.00001,0,GALAXY,GALAXY,
0.173616,249.44658,36.11503,66,3,S,1,0,0,11.68,-0.05,9856,3,1,587733608555217000,16374718+3606543,J163747.18+360653.9,249.446586,+36.114982,0.004,0.004,90,16.331,14.662,13.862,13.507,13.209,0.019,0.003,0.002,0.002,0.005,1237659329780120000,3,1,201010021010,3,2002.4377,-15,4,6,4,1321924459929560000,0.03288,0.00001,0,GALAXY,GALAXY,
0.265593,249.45183,36.06087,66,4,E,0,0.8,0.2,12.71,-0.09,9609,0,2,587733603732358000,16374842+3603393,J163748.46+360339.0,249.451919,+36.060854,0.003,0.003,90,17.846,15.957,15.178,14.750,14.448,0.021,0.003,0.003,0.003,0.005,1237659324957260000,3,0,00002010100A1214,3,2002.4375,-4,3,-1,3,1321926933830720000,0.03205,0.00001,0,GALAXY,GALAXY,
0.075946,311.82942,0.32082,73,1,S,1,0,0,8.89,-0.02,4200,2,1,587731173842027000,20471908+0019150,J204719.06+001914.9,311.829441,+0.320821,0.050,0.049,90,15.133,13.008,12.039,11.495,11.271,0.007,0.002,0.002,0.002,0.002,1237656895066930000,3,0,00002018101E1014,3,2001.7882,-19,3,21,3,1105760468607200000,0.01401,0.00001,0,GALAXY,GALAXY,AGN_BROADLINE
0.194533,311.85121,0.30083,73,2,E,0,0.8,0.2,9.65,-0.02,3790,2,1,587731173842027000,20472428+0018030,J204724.30+001802.9,311.851264,+0.300828,0.002,0.002,90,15.419,13.474,12.554,12.076,11.749,0.007,0.002,0.002,0.002,0.002,1237656895066930000,3,0,00002010101A1014,3,2001.7882,-3,3,-9,3,1105761568118830000,0.01265,0.00001,0,GALAXY,GALAXY,BROADLINE
0.141804,311.89204,0.41164,73,3,S,1,0,0,9.97,-0.03,3768,20,1,587731173842092000,20473408+0024420,J204734.09+002441.8,311.892075,+0.411622,0.043,0.040,90,15.460,14.096,12.867,12.432,12.030,0.007,0.012,0.002,0.002,0.002,1237656895067000000,3,0,00002000101E1014,3,2001.7882,,,,,0,,,,,,
0.019405,311.78017,0.43018,73,4,S0,0,0.2,0.8,10.65,-0.02,3663,2,1,587730847960597000,20470724+0025486,J204707.24+002548.6,311.780172,+0.430185,0.003,0.002,90,16.446,14.617,13.808,13.402,13.058,0.010,0.002,0.002,0.002,0.003,1237656569185500000,3,1,00002010100A1014,3,2001.7200,-15,3,-1,3,1105762117874640000,0.01222,0.00001,0,GALAXY,GALAXY,BROADLINE
0.135107,311.79375,0.36331,73,5,S,0.5,0,0.5,11.13,-0.03,3715,2,1,587731173842027000,20471048+0021479,J204710.50+002147.8,311.793778,+0.363285,0.003,0.002,0,16.923,14.991,14.062,13.553,13.181,0.012,0.002,0.002,0.002,0.003,1237663543674860000,3,1,00002008100E1010,3,2003.8113,-5,2,6,2,1256634087599270000,0.01240,0.00001,0,NONLEGACY,GALAXY,AGN_BROADLINE
0.378454,311.83479,0.48399,73,6,E,0,0.8,0.2,11.35,-0.03,4228,2,1,587730847960597000,20472035+0029020,J204720.36+002902.6,311.834871,+0.484057,0.001,0.001,90,16.801,14.954,14.105,13.674,13.370,0.012,0.002,0.002,0.002,0.003,1237656569185500000,3,1,201090021010,3,2001.7200,1,3,0,3,1105763217386270000,0.01410,0.00001,0,GALAXY,GALAXY,BROADLINE
0.374451,313.14775,-5.71113,74,1,S,1,0,0,9.85,-0.04,5968,2,1,587727214416954000,20523547-0542399,J205235.43-054240.0,313.147646,-5.711120,0.002,0.002,90,15.614,13.753,12.828,12.378,12.033,0.009,0.002,0.002,0.002,0.003,1237652935641860000,3,1,200810021010,3,2000.7395,-5,3,9,3,715116626256620000,0.01991,0.00001,0,GALAXY,GALAXY,BROADLINE
0.222795,313.12371,-5.7461,74,2,S,1,0,0,10.22,-0.04,6128,2,1,587727214416953000,20522971-0544459,J205229.70-054445.9,313.123772,-5.746094,0.002,0.002,90,15.939,14.015,13.123,12.671,12.360,0.011,0.002,0.002,0.002,0.003,1237652935641860000,3,1,200010021010,3,2000.7395,,,,,715115526744992000,0.02045,0.00001,0,GALAXY,GALAXY,BROADLINE
4.826229,313.10842,-5.77218,74,3,S,1,0,0,12.06,-0.05,5995,4,2,587727214416953000,20522602-0546198,J205225.98-054615.0,313.108259,-5.770849,0.002,0.002,90,15.795,14.611,13.984,13.673,13.427,0.012,0.003,0.003,0.003,0.007,1237652935641860000,3,1,4201010021010,3,2000.7395,-185,6,414,6,715114427233364000,0.02000,0.00002,0,GALAXY,GALAXY,STARFORMING
0.595382,313.05308,-5.79823,74,4,S,1,0,0,12.25,-0.02,6060,4,2,587726878873486000,20521275-0547538,J205212.76-054754.0,313.053205,-5.798339,0.037,0.026,0,17.041,15.604,14.909,14.562,14.271,0.023,0.004,0.003,0.003,0.011,1237652600098390000,3,1,4201010021010,3,2000.6741,-31,5,-6,5,715116076500806000,0.02022,0.00001,0,GALAXY,GALAXY,STARFORMING
0.269440,330.87883,12.63677,77,1,E,0,0.8,0.2,9.83,-0.05,8041,7,1,587730774413214000,22033093+1238124,J220330.93+123812.4,330.878906,+12.636780,0.049,0.046,90,15.806,13.799,12.887,12.417,12.101,0.007,0.002,0.002,0.002,0.002,1237656242233410000,3,0,201010161010,3,2001.6435,0,3,9,3,0,,,,,,
0.429090,330.87629,12.66076,77,2,S,1,0,0,11.15,-0.05,7895,2,1,587730774413214000,22033031+1239384,J220330.28+123938.9,330.876189,+12.660827,0.001,0.001,90,17.049,15.081,14.201,14.393,13.435,0.013,0.002,0.002,0.015,0.003,1237656242233410000,3,0,301810121010,3,2001.6435,-2,3,-5,3,827634330326034000,0.02634,0.00001,0,GALAXY,GALAXY,
0.284453,330.84408,12.64931,77,3,S,1,0,0,12.09,-0.03,8184,0,2,587730774413214000,22032258+1238574,J220322.59+123857.6,330.844148,+12.649353,0.003,0.003,90,17.525,15.753,14.902,14.461,14.088,0.018,0.003,0.003,0.003,0.005,1237656242233410000,3,1,200890021010,3,2001.6435,2,3,-1,3,826570822754789000,0.02730,0.00001,0,GALAXY,GALAXY,STARFORMING
0.281885,330.88942,12.64846,77,4,S,1,0,0,12.79,-0.04,8897,0,2,587730774413214000,22033345+1238544,J220333.48+123854.4,330.889499,+12.648446,0.024,0.005,0,18.110,16.766,15.896,15.413,15.018,0.024,0.005,0.004,0.004,0.008,1237656242233410000,3,0,4200810121258,3,2001.6435,-1,3,-12,3,826570547876882000,0.02968,0.00001,0,GALAXY,GALAXY,STARBURST
0.353696,344.48967,26.15,80,1,E,0,0.8,0.2,9.25,-0.05,7375,21,1,758883828517700000,22575750+2609000,J225757.54+260859.9,344.489779,+26.149991,0.058,0.056,0,15.619,13.440,12.433,11.943,11.614,0.009,0.002,0.002,0.002,0.002,1237672763902530000,3,0,00002010101E1014,3,2006.7083,,,,,0,,,,,,
0.605132,344.5815,26.06195,80,2,S,1,0,0,10.59,-0.05,7662,23,1,758883828517765000,22581956+2603431,J225819.60+260343.1,344.581684,+26.061980,0.106,0.094,0,16.670,14.646,13.641,13.146,12.747,0.014,0.002,0.002,0.002,0.003,1237672763902590000,3,0,200810061010,3,2006.7083,-10,2,4,2,0,,,,,,
0.303601,344.46546,26.16215,80,3,S,1,0,0,11.72,-0.05,7587,0,1,758883828517700000,22575170+2609436,J225751.72+260943.9,344.465534,+26.162202,0.059,0.056,0,17.717,15.835,14.984,14.519,14.155,0.021,0.003,0.003,0.003,0.004,1237672763902530000,3,0,00002008101E1014,3,2006.7083,10,2,16,2,0,,,,,,
0.155068,344.604,26.17008,80,4,S,1,0,0,12.16,-0.04,7233,0,2,758883828517765000,22582499+2610119,J225824.95+261012.3,344.603957,+26.170099,0.002,0.002,90,17.984,16.064,15.167,14.748,14.379,0.015,0.003,0.003,0.003,0.004,1237672763902590000,3,1,201010021230,3,2006.7083,0,2,3,2,0,,,,,,
0.135363,344.48567,26.11107,80,5,E,0,0.8,0.2,12.24,-0.06,7654,0,2,758883828517765000,22575655+2606400,J225756.56+260639.7,344.485704,+26.111048,0.003,0.002,0,17.683,15.823,14.927,14.498,14.165,0.016,0.003,0.002,0.002,0.004,1237672763902590000,3,1,201010021010,3,2006.7083,-5,2,2,2,0,,,,,,
0.190947,348.817,18.9614,81,1,E,0,0.5,0.5,9.0,-0.03,5072,20,1,758883880592736000,23151609+1857409,J231516.07+185741.1,348.816962,+18.961439,0.002,0.002,90,15.024,12.949,11.983,11.445,11.086,0.006,0.002,0.001,0.001,0.002,1237672815977560000,3,0,000020081002115C,3,2006.7136,3,2,-4,2,0,,,,,,
0.327644,348.76442,18.9734,81,2,S,1,0,0,10.04,-0.03,4772,10,1,758883828521304000,23150347+1858245,J231503.44+185824.0,348.764346,+18.973342,0.002,0.002,90,16.165,14.093,13.102,12.606,12.210,0.010,0.002,0.002,0.002,0.002,1237672763906130000,3,0,00002018101A1010,3,2006.7084,7,3,0,3,0,,,,,,
0.431452,348.82192,19.04166,81,3,S,1,0,0,10.39,-0.03,4736,3,1,758883880592671000,23151728+1902299,J231517.26+190230.3,348.821952,+19.041776,0.010,0.008,0,15.778,14.005,13.171,12.669,12.233,0.013,0.002,0.002,0.002,0.003,1237672815977500000,3,0,0004A008101A105C,3,2006.7136,-3,3,-22,3,0,,,,,,
0.674187,348.88775,19.04812,81,4,S,1,0,0,11.11,-0.04,5173,34,1,758883880592736000,23153308+1902529,J231533.10+190253.4,348.887938,+19.048179,0.002,0.002,90,17.163,15.133,14.148,13.631,13.285,0.015,0.002,0.002,0.002,0.003,1237672815977560000,3,1,201010021010,3,2006.7136,0,2,0,2,0,,,,,,
0.190751,352.14629,32.41574,83,1,E,0,0.8,0.2,9.18,-0.03,5131,22,1,0,23283508+3224565,J232835.10+322456.8,352.146261,+32.415787,0.085,0.075,90,15.515,13.387,12.363,11.890,11.526,0.009,0.002,0.002,0.002,0.002,1237680311763210000,3,0,200810161010,3,2009.7943,0,3,-1,3,0,,,,,,
0.306417,352.04487,32.47288,83,2,S0,0,0.2,0.8,10.78,-0.03,4544,36,1,0,23281075+3228224,J232810.78+322822.1,352.044946,+32.472824,0.003,0.002,0,16.322,14.402,13.473,13.000,12.650,0.012,0.002,0.002,0.002,0.003,1237680474983300000,3,0,00002010900A1014,3,2009.8758,4,2,0,2,0,,,,,,
0.123527,352.09654,32.36237,83,3,S,1,0,0,10.84,-0.03,4999,29,1,0,23282316+3221445,J232823.17+322144.6,352.096569,+32.362394,0.084,0.075,90,17.552,15.245,14.198,13.589,13.185,0.028,0.003,0.002,0.002,0.003,1237680311763210000,3,0,00002010101E1114,3,2009.7943,-3,2,2,2,0,,,,,,
0.390502,352.13167,32.42213,83,4,E,0,0.8,0.2,11.37,-0.03,5277,26,1,0,23283161+3225195,J232831.57+322519.8,352.131551,+32.422171,0.084,0.075,90,17.876,15.738,14.753,14.209,13.826,0.022,0.003,0.002,0.002,0.003,1237680311763210000,3,0,200810161210,3,2009.7943,-6,2,0,2,0,,,,,,
0.351214,356.84579,-2.30067,84,1,E,0,0.8,0.2,10.07,-0.04,6932,22,1,0,23472298-0218025,J234723.00-021802.1,356.845846,-2.300590,0.071,0.065,0,15.680,13.478,12.677,12.254,11.968,0.011,0.002,0.002,0.002,0.003,1237679997704340000,3,0,200810161010,3,2009.7094,2,2,-14,2,0,,,,,,
0.384178,356.82879,-2.3135,84,2,S0,0,0.2,0.8,10.71,-0.05,6327,30,1,0,23471891-0218485,J234718.93-021848.5,356.828895,-2.313481,0.070,0.065,0,17.165,14.770,13.903,13.415,13.247,0.016,0.002,0.002,0.002,0.003,1237679997704340000,3,0,200810161010,3,2009.7094,,,,,0,,,,,,
0.328700,356.84912,-2.35126,84,3,S,1,0,0,11.03,-0.04,6003,26,1,0,23472378-0221045,J234723.80-022104.4,356.849203,-2.351222,0.002,0.002,90,16.255,14.414,13.692,13.309,13.012,0.011,0.002,0.002,0.002,0.003,1237679997704340000,3,0,201810161058,3,2009.7094,6,5,11,5,0,,,,,,
0.437746,356.90767,-2.31667,84,4,S,1,0,0,11.56,-0.05,6817,45,1,0,23473787-0218598,J234737.86-021900.3,356.907754,-2.316758,0.006,0.004,0,16.692,15.021,14.171,13.733,13.289,0.033,0.004,0.003,0.003,0.005,1237679435053990000,3,0,601890021058,3,2009.0433,8,3,-8,3,0,,,,,,
0.170628,356.83275,-2.28077,84,5,S0,0,0.2,0.8,12.72,-0.06,6664,0,0,0,23471984-0216505,J234719.87-021650.7,356.832797,-2.280764,0.003,0.003,90,18.155,16.101,15.309,14.894,14.617,0.026,0.003,0.003,0.003,0.006,1237679997704340000,3,1,200810121010,3,2009.7094,1,2,4,2,0,,,,,,
0.165263,358.4745,7.97055,85,1,S,1,0,0,9.15,-0.03,5373,22,1,587743797290009000,23535389+0758138,J235353.88+075814.1,358.474513,+7.970594,0.002,0.002,90,15.198,13.140,12.193,11.683,11.358,0.008,0.002,0.002,0.002,0.002,1237669518514910000,3,0,200810021058,3,2005.6983,-25,4,-32,4,0,,,,,,
0.194496,358.36162,7.87566,85,2,S,1,0,0,9.52,-0.03,5106,7,1,587743797290009000,23532680+0752322,J235326.77+075232.3,358.361566,+7.875652,0.002,0.002,90,14.871,12.953,12.052,11.606,11.304,0.007,0.002,0.002,0.002,0.002,1237669518514910000,3,0,00002010100A1114,3,2005.6983,-2,2,-3,2,0,,,,,,
0.058653,358.33192,7.87093,85,3,E,0,0.8,0.2,9.71,-0.04,5218,7,1,587743797289943000,23531967+0752152,J235319.66+075215.2,358.331923,+7.870914,0.002,0.002,90,15.391,13.461,12.569,12.094,11.778,0.007,0.002,0.002,0.002,0.002,1237669518514850000,3,0,00002010100A1014,3,2005.6983,-6,2,2,2,0,,,,,,
0.181612,358.38396,8.11813,85,4,S,1,0,0,10.66,-0.03,5154,58,1,587743960499159000,23533218+0807052,J235332.15+080705.0,358.383967,+8.118080,0.005,0.003,0,15.992,14.330,13.468,12.993,12.634,0.012,0.002,0.002,0.002,0.003,1237669681724060000,3,1,201890021010,3,2005.7337,,,,,0,,,,,,
0.184693,358.44158,7.86048,85,5,S0,0,0.2,0.8,10.77,-0.04,5661,29,1,587743959962288000,23534595+0751377,J235345.98+075137.8,358.441622,+7.860510,0.002,0.002,90,16.551,14.625,13.756,13.297,12.983,0.010,0.002,0.002,0.002,0.003,1237669681187190000,3,1,0000B01010061010,3,2005.7337,28,3,29,3,0,,,,,,
