objid,specobjid,Group,RA,Dec,M_r,Lum,z,dist2BGG,lgm,sfr,sSFR,rank_dist,BGG_ID,rank_M,RA_BGG,Dec_BGG,M_BGG
1237648705667072024,345819799458179072,10121,220.443234548,0.920499604,-19.673128,5511263808.971897,0.034102383,9.777031941180883,9.578831,-0.182327,-9.761158,3,3641,4,220.598357453,0.907996398,-22.196804
1237648720149479679,310815751403497472,10247,162.886970009,-1.002880586,-20.766666,15089206429.817932,0.03852537,5.408576012844987,10.24305,0.04738735,-10.19566265,3,474075,3,162.900580454,-1.087878301,-22.216008
1237648705667137705,345818974824458240,10121,220.598357453,0.907996398,-22.196804,56327645750.14541,0.033946782,0.0,11.05283,-1.097961,-12.150791,1,3641,1,220.598357453,0.907996398,-22.196804
1237648705667137570,345818425068644352,10121,220.641818045,0.978873142,-21.229369,23107214721.40958,0.034187089,5.223675505872168,10.70381,-1.59418,-12.29799,2,3641,2,220.598357453,0.907996398,-22.196804
1237651066815578363,674519361309927424,11071,181.01338865,65.216791804,-19.407257,4314225088.01613,0.039376677,7.526227984121181,9.958166,0.1004092,-9.8577568,4,64746,4,181.000920836,65.097122752,-21.926905
1237648720171696336,342358810825877504,9765,213.554877832,-0.894392621,-22.173834,55148486738.33384,0.038624485,13.850201235778414,10.93987,-0.8761289,-11.8159989,4,559558,2,213.752623869,-0.796946989,-22.200554
1237651066815578330,673449811357231104,11071,180.848134428,65.164012939,-20.149489,8546643717.983711,0.039758855,5.827783011696056,10.10338,-1.084145,-11.187525,3,64746,2,181.000920836,65.097122752,-21.926905
1237651272961490958,502233303928039424,11252,129.174854651,53.727225496,-21.826551,40051648862.55507,0.031914619,0.0,10.91903,-1.483849,-12.402879,1,17936,1,129.174854651,53.727225496,-21.826551
1237651752415854747,343559202712610816,9995,216.834858851,1.025842952,-22.285289,61110466638.798386,0.026447369,0.0,11.08024,-1.314641,-12.394881,1,31104,1,216.834858851,1.025842952,-22.285289
1237651752415854874,343563051003308032,9995,216.873535781,1.055815727,-19.512559,4753610568.400456,0.026563053,3.074127329065062,9.421911,-0.2390186,-9.6609296,2,31104,4,216.834858851,1.025842952,-22.285289
1237651752415920197,344614734277928960,9995,217.018896646,1.006277406,-21.19629,22413826198.485836,0.026457409,11.626791201801636,10.23991,0.3121536,-9.9277564,4,31104,2,216.834858851,1.025842952,-22.285289
1237651753485729911,596745401437022208,11078,208.117291532,1.945024189,-21.875236,41888460567.02481,0.033440657,0.0,10.8724,0.2839163,-10.5884837,1,35939,1,208.117291532,1.945024189,-21.875236
1237651753485729932,596744851681208320,11078,208.121362571,1.917146243,-19.680257,5547570115.908702,0.033534889,1.7701801770152277,9.275077,-0.3294338,-9.6045108,2,35939,4,208.117291532,1.945024189,-21.875236
1237651753485861130,4544252509963350016,11078,208.338229641,2.052929483,-21.346464,25738640263.378178,0.033489521,15.44153260533968,,,,4,35939,2,208.117291532,1.945024189,-21.875236
1237651272961425646,502231104904783872,11252,129.148047182,53.707310345,-19.110652,3282923781.6330795,0.032513024,1.5997776601098763,9.63608,-0.8797101,-10.5157901,2,17936,3,129.174854651,53.727225496,-21.826551
1237651272961490952,502229455637342208,11252,129.221553278,53.706363995,-20.878469,16725826983.043455,0.032646131,2.1755657140044025,10.45058,-1.31894,-11.76952,3,17936,2,129.174854651,53.727225496,-21.826551
1237651534946304186,502237152218736640,11252,128.989409954,53.812218639,-18.837174,2551934951.0378475,0.032170033,8.714575526276535,9.214596,-0.3484992,-9.5630952,4,17936,4,129.174854651,53.727225496,-21.826551
1237654031401812159,575480307034122240,10657,170.426795518,3.573488775,-21.032845,19281374945.49855,0.040251201,8.52917020051202,10.43668,0.08458939,-10.35209061,3,82905,2,170.326098576,3.664743894,-22.000997
1237651539793215634,685811620974192640,10908,223.702658703,63.019976295,-21.891069,42503784404.59322,0.042743812,0.0,11.03314,-0.4239905,-11.4571305,1,43905,1,223.702658703,63.019976295,-21.891069
1237651752415789223,601233332537157632,9995,216.721118316,0.962873891,-19.937334,7029648342.13694,0.026964991,8.167685250344448,9.581052,-0.03600385,-9.61705585,3,31104,3,216.834858851,1.025842952,-22.285289
1237651538187518173,696989801190025216,10506,238.341622844,54.529080535,-20.964088,18098192364.947487,0.043987044,11.253707893890349,10.29814,0.07950258,-10.21863742,3,101393,3,238.333836194,54.708132104,-22.112658
1237651735237951685,603484857925920768,10121,220.782444017,1.100021396,-20.532858,12165870800.020948,0.034551293,16.71268550604267,10.29237,-0.1480391,-10.4404091,4,3641,3,220.598357453,0.907996398,-22.196804
1237651538187452545,697001895817930752,10506,238.013867382,54.67221906,-21.145825,21395872439.434452,0.043709737,11.837248339979135,10.14442,0.2686521,-9.8757679,4,101393,2,238.333836194,54.708132104,-22.112658
1237654602641244319,649756985901737984,11265,159.347120549,5.438504192,-20.36471,10420390637.199677,0.030500901,10.908318936302772,10.2986,-1.692071,-11.990671,3,143533,3,159.400802856,5.603688233,-21.980877
1237654605329137794,940224042894387200,9394,167.919441761,4.668873548,-22.583292,80411247534.72842,0.042362321,0.0,11.23892,-1.063127,-12.302047,1,59397,1,167.919441761,4.668873548,-22.583292
1237655123929268365,575447596563195904,10657,170.17377097,3.597576016,-20.191495,8883784192.597912,0.040282729,10.44259882081804,9.932844,0.06496361,-9.86788039,4,82905,3,170.326098576,3.664743894,-22.000997
1237654610141249556,673461631107229696,11071,181.000920836,65.097122752,-21.926905,43930080591.82902,0.03978192,0.0,10.9879,-1.300324,-12.288224,1,64746,1,181.000920836,65.097122752,-21.926905
1237654880741294303,662202627492177920,10120,224.749586807,4.120911265,-20.77767,15242914022.384134,0.044846471,14.03019756076553,10.60062,-0.4068835,-11.0075035,4,84119,3,224.52660375,4.101014713,-22.285875
1237654948913348733,696990625823746048,10506,238.373029561,54.64506354,-20.928801,17519447259.12738,0.043512489,4.210754158678867,10.28667,-0.5706906,-10.857360600000002,2,101393,4,238.333836194,54.708132104,-22.112658
1237654605329137953,940224867528108032,9394,167.921682203,4.70055204,-20.04181,7739697732.465648,0.041227851,1.995356997607688,9.882125,-0.4367867,-10.3189117,3,59397,2,167.919441761,4.668873548,-22.583292
1237655109442469957,865906714560456704,10964,146.448319445,54.776598057,-21.798093,39015502070.44471,0.044844094,8.337160819799285,10.9865,-1.782238,-12.768738,3,150931,2,146.467411118,54.908831905,-21.860371
1237654605329072383,654157506129455104,9394,167.790730095,4.676488287,-19.680333,5547958451.568454,0.042574277,8.074500908924508,9.853103,-1.242357,-11.09546,4,59397,4,167.919441761,4.668873548,-22.583292
1237654610141249558,674520460821555200,11071,181.024983827,65.081801842,-19.786794,6119523402.945282,0.03915772,1.1542204647956935,10.04503,-1.772467,-11.817497,2,64746,3,181.000920836,65.097122752,-21.926905
1237655123929333774,941318607558699008,10657,170.326098576,3.664743894,-22.000997,47032579688.07817,0.040564631,0.0,11.03878,-1.284453,-12.323232999999998,1,82905,1,170.326098576,3.664743894,-22.000997
1237654880741228570,663252936142383104,10120,224.52660375,4.101014713,-22.285875,61143458445.66936,0.045057866,0.0,11.06011,-0.9482996,-12.0084096,1,84119,1,224.52660375,4.101014713,-22.285875
1237654880741294218,663260907601684480,10120,224.704628906,4.231691538,-20.024053,7614145998.534164,0.044570669,13.851835576722673,9.74244,-0.0368419,-9.7792819,3,84119,4,224.52660375,4.101014713,-22.285875
1237655123929333841,941320806581954560,10657,170.287167276,3.770970436,-19.721222,5760879616.628951,0.040454288,7.106766203435387,9.783316,-0.3898563,-10.1731723,2,82905,4,170.326098576,3.664743894,-22.000997
1237654880741294238,662200153591015424,10120,224.716155609,4.212043703,-21.00429,18780882690.657032,0.044559608,13.77559858317223,10.80756,0.1702361,-10.6373239,2,84119,2,224.52660375,4.101014713,-22.285875
1237654948913283207,696992549969094656,10506,238.333836194,54.708132104,-22.112658,52127056263.89242,0.043911226,0.0,11.02911,-1.082995,-12.112105,1,101393,1,238.333836194,54.708132104,-22.112658
1237657612341543037,1481792626108688384,10423,186.735739179,57.770167542,-22.153464,54123465937.80716,0.043968626,0.0,11.22813,-0.450871,-11.679001,1,116793,1,186.735739179,57.770167542,-22.153464
1237658425163841691,1124920561084950528,10610,158.571910667,7.814193522,-19.19391,3544573611.994861,0.037794409,11.119258787242984,9.774452,-1.217049,-10.991501,3,159128,4,158.393452892,7.806524974,-21.968317
1237657629512827171,1348891629972383744,10163,133.395223677,39.089345861,-20.055135,7835270601.470157,0.029281226,2.9714542626007368,10.07846,-1.285879,-11.364339,2,130607,4,133.406529632,39.135817294,-22.332498
1237654605329137931,940214147289737216,9394,167.897739604,4.652189861,-19.851943,6497962489.743914,0.041617887,1.716379065555165,10.06368,-1.598876,-11.662556,2,59397,3,167.919441761,4.668873548,-22.583292
1237657629512826964,1350035397513603072,10163,133.406529632,39.135817294,-22.332498,63826231046.68421,0.02961326,0.0,11.21109,-0.5935245,-11.8046145,1,130607,1,133.406529632,39.135817294,-22.332498
1237657629512827188,1348892179728197632,10163,133.311678603,39.172879916,-20.466033,11439662188.611378,0.029625753,5.174971605247684,9.877542,-0.3503689,-10.2279109,3,130607,2,133.406529632,39.135817294,-22.332498
1237658304886014057,626022371840518144,10964,146.110862356,54.85104556,-21.04761,19545374672.53355,0.044676943,13.389697834214555,10.61699,-1.115133,-11.732123,4,150931,3,146.467411118,54.908831905,-21.860371
1237658297923797032,649766331750574080,11265,159.400802856,5.603688233,-21.980877,46169035291.33704,0.029789632,0.0,10.85108,-1.382449,-12.233529,1,143533,1,159.400802856,5.603688233,-21.980877
1237658493891706939,1384968530675394560,10900,184.11131715,10.895107617,-20.330859,10100516908.57029,0.025570478,20.863508570195233,10.09189,-0.1415204,-10.2334104,4,145586,3,184.445511478,10.844657778,-21.885197
1237658493891903500,1384978151402137600,10900,184.445511478,10.844657778,-21.885197,42274531178.303345,0.025459832,0.0,10.84702,0.3155903,-10.5314297,1,145586,1,184.445511478,10.844657778,-21.885197
1237658493891903612,1384980350425393152,10900,184.528584398,10.896242173,-20.723187,14496888545.76561,0.024788749,6.064694953223136,10.47864,-1.753536,-12.232176,2,145586,2,184.445511478,10.844657778,-21.885197
1237658205578657826,1084350506282805248,9833,162.038804899,48.331531739,-22.450846,71176790348.24214,0.042081502,0.0,10.82147,0.7259301,-10.0955399,1,147357,1,162.038804899,48.331531739,-22.450846
1237658205578657877,1084351056038619136,9833,161.907581252,48.480093595,-20.843491,16195576058.902782,0.041586285,10.82081514608288,10.44815,-1.438768,-11.886918,2,147357,3,162.038804899,48.331531739,-22.450846
1237658205578723439,1084347207747921920,9833,162.052660756,48.504918592,-21.156843,21614102167.53667,0.042163588,10.90952892775826,10.46667,-0.2843881,-10.7510581,3,147357,2,162.038804899,48.331531739,-22.450846
1237658297923731566,649755061756389376,11265,159.191553756,5.554449021,-19.801283,6201734929.969007,0.029769614,13.445993478602729,10.0214,-1.311573,-11.332973,4,143533,4,159.400802856,5.603688233,-21.980877
1237658304886079663,865920458455803904,10964,146.467411118,54.908831905,-21.860371,41318866593.67882,0.044589041,0.0,10.92094,-1.051162,-11.972102,1,150931,1,146.467411118,54.908831905,-21.860371
1237658614126346384,1084348307259549696,9833,161.78616893,48.538239028,-20.256473,9431683094.631742,0.0419995,16.721190014841753,9.713471,0.1049492,-9.6085218,4,147357,4,162.038804899,48.331531739,-22.450846
1237657629512892647,1350035947269416960,10163,133.598841327,39.250844315,-20.357907,10355302736.935858,0.028623613,11.829355393555876,10.19333,-1.49453,-11.68786,4,130607,3,133.406529632,39.135817294,-22.332498
1237658425163776048,1124917812305881088,10610,158.393452892,7.806524974,-21.968317,45638020594.667,0.037120132,0.0,10.89841,0.6700925,-10.2283175,1,159128,1,158.393452892,7.806524974,-21.968317
1237655368758788270,889518691719342080,11370,218.177925909,56.964803762,-19.727632,5794991456.180808,0.042934246,7.624050825063379,10.08617,-1.497445,-11.583614999999998,4,180348,2,218.094603014,56.852313869,-21.859197
1237658425163776192,1124919461573322752,10610,158.393826719,7.790921111,-20.76814,15109705511.07218,0.036823358,0.9806957649374096,10.375,-0.5018933,-10.8768933,2,159128,3,158.393452892,7.806524974,-21.968317
1237658608219848803,1075358696264984576,10458,185.231122585,60.899671598,-20.55278,12391161003.982183,0.043567653,1.3799467415998514,10.42566,-1.963204,-12.388864,2,195205,3,185.253089397,60.918862421,-22.122066
1237659327091900583,889517867085621248,11370,218.071812739,56.816343121,-19.202188,3571701860.4314013,0.04349482,2.3920193941044565,9.248343,-0.4027705,-9.6511135,3,180348,4,218.094603014,56.852313869,-21.859197
1237658425163841661,1396195095190988800,10610,158.547410921,7.928366839,-21.949146,44839256216.14186,0.037305525,12.26499498113119,10.96078,-1.479635,-12.440415,4,159128,2,158.393452892,7.806524974,-21.968317
1237659327091835101,889531336103061504,11370,218.04197606,56.857569596,-19.607922,5190017234.3404,0.043362015,1.837856413716236,9.836951,-1.677101,-11.514052,2,180348,3,218.094603014,56.852313869,-21.859197
1237659327091900425,889520890742597632,11370,218.094603014,56.852313869,-21.859197,41274212899.04666,0.043303635,0.0,10.82187,0.6804266,-10.1414434,1,180348,1,218.094603014,56.852313869,-21.859197
1237658297923797167,649767981018015744,11265,159.388073143,5.628606129,-20.667184,13768086948.708498,0.029445678,1.7563668550101732,10.25456,-0.02246486,-10.27702486,2,143533,2,159.400802856,5.603688233,-21.980877
1237660960792379568,1433274205037684736,10757,139.459154591,33.930927427,-21.200355,22497900928.937,0.042754732,2.7440993580625315,10.64754,-1.583781,-12.231321,3,420044,3,139.464982525,33.974332746,-21.957599
1237658313478045858,1075380961375447040,10458,185.460866833,61.139672966,-20.858088,16414785047.771675,0.044245405,15.246986960925367,10.24989,0.06430686,-10.18558314,4,195205,2,185.253089397,60.918862421,-22.122066
1237659162816020815,1507592940946483200,10236,250.094534086,33.679750968,-22.096308,51347960683.76516,0.030907197,0.0,11.02857,-0.7882735,-11.8168435,1,186305,1,250.094534086,33.679750968,-22.096308
1237658304886079607,865906164804642816,10964,146.375258081,54.860363937,-19.710937,5706565415.039212,0.048586603,4.513002312742124,10.08701,-1.495095,-11.582105,2,150931,4,146.467411118,54.908831905,-21.860371
1237658608219848819,1075382885520795648,10458,185.253089397,60.918862421,-22.122066,52580704417.341896,0.044338433,0.0,10.95547,-1.039696,-11.995166,1,195205,1,185.253089397,60.918862421,-22.122066
1237658608219848869,1075379861863819264,10458,185.260950581,60.951333417,-19.738279,5852098131.158784,0.044199001,2.054274977655916,10.35497,-1.198202,-11.553172,3,195205,4,185.253089397,60.918862421,-22.122066
1237657612341543027,1480732696916289536,10423,186.721923075,57.754041493,-20.285758,9689540894.700134,0.044056716,1.114032719932222,10.22487,-1.035436,-11.260306,2,116793,3,186.735739179,57.770167542,-22.153464
1237661353244557433,1481793450742409216,10423,186.661826782,57.672667356,-21.008298,18850340525.216877,0.044512519,6.609096923717911,10.59821,-1.521703,-12.119913,3,116793,2,186.735739179,57.770167542,-22.153464
1237659162813858137,1505344439667681280,9774,245.986740782,37.324036355,-20.178258,8776133076.066204,0.033020233,8.51290112990962,10.2711,-0.2920633,-10.5631633,4,389178,3,245.837747666,37.258412755,-22.534811
1237661417673851010,1488572489700239360,9790,206.446269968,55.757048135,-21.629263,33396826471.24964,0.040181579,3.49232853492093,10.82481,-1.352775,-12.177585,2,231196,2,206.511630181,55.715391463,-22.222803
1237659330848292959,1316277092844857344,10218,239.046319991,46.181142392,-21.106002,20625324971.683456,0.041282321,11.885007852776733,10.70973,-0.9702072,-11.6799372,4,237009,2,239.183983286,46.344610795,-22.204892
1237661387619172794,1507597613870901248,10236,250.334658042,33.80546322,-19.504311,4717635686.5249195,0.031686118,14.82523073141859,9.542334,-0.2954066,-9.8377406,4,186305,4,250.094534086,33.679750968,-22.096308
1237661387619172464,1507597888748808192,10236,250.250316772,33.773055867,-22.094361,51255963297.29981,0.031222338,10.032001116920547,11.13752,-1.41749,-12.55501,2,186305,2,250.094534086,33.679750968,-22.096308
1237661417673916574,1487486446636918784,9790,206.511630181,55.715391463,-22.222803,57692744598.210045,0.040394942,0.0,11.0988,0.1570131,-10.9417869,1,231196,1,206.511630181,55.715391463,-22.222803
1237659326562304075,1316290836740204544,10218,239.183983286,46.344610795,-22.204892,56748815360.31582,0.040260102,0.0,11.15274,-0.972145,-12.124885,1,237009,1,239.183983286,46.344610795,-22.204892
1237659326562304335,1316289187472762880,10218,239.20866926,46.344943508,-19.911531,6864555173.629832,0.042589883,1.070931231850231,10.19507,-1.920381,-12.115451,2,237009,4,239.183983286,46.344610795,-22.204892
1237661966356381766,1634880933981087744,11129,184.974455003,41.845814633,-21.959151,45254357149.20953,0.038546525,0.0,10.90541,-1.302266,-12.207676,1,251942,1,184.974455003,41.845814633,-21.959151
1237661850936541214,1546995319818971136,10914,197.718363829,44.093104508,-21.379951,26544857605.570984,0.036344964,4.714428265443285,10.69378,-0.3397462,-11.0335262,3,278989,2,197.676450176,44.024383056,-22.034073
1237661850936606846,1548175920446072832,10914,197.921257092,44.171147715,-21.159322,21663508805.412247,0.036375876,14.3895310713019,10.21668,0.2412437,-9.9754363,4,278989,3,197.676450176,44.024383056,-22.034073
1237658493891903616,1384980075547486208,10900,184.539599836,10.948520935,-20.243068,9315951095.06219,0.025324659,8.734265732992645,10.0812,-0.3063257,-10.3875257,3,145586,4,184.445511478,10.844657778,-21.885197
1237662193989714026,1634880384225273856,11129,185.092958889,41.918528519,-20.584253,12755609050.890917,0.038626013,7.18362394869459,10.4328,-1.714956,-12.147756,4,251942,2,184.974455003,41.845814633,-21.959151
1237661872407576592,1548176470201886720,10914,197.671111788,44.018724659,-19.44194,4454264475.045901,0.036487926,0.4296211527791255,9.415302,-0.6827502,-10.0980522,2,278989,4,197.676450176,44.024383056,-22.034073
1237662306189770849,1554966779221010432,10955,215.694536173,37.995250695,-22.041338,48812966303.93054,0.028059412,0.0,10.95878,-0.632291,-11.591071,1,263685,1,215.694536173,37.995250695,-22.041338
1237661387619238463,1509936825177761792,10236,250.343901846,33.595330354,-19.570476,5014070083.982846,0.030650534,14.08191484796792,9.961979,-1.347092,-11.309071,3,186305,3,250.094534086,33.679750968,-22.096308
1237662306189770850,1553749070009362432,10955,215.686720958,38.011777478,-20.453286,11306141070.623035,0.028626794,1.1081546092134096,10.49291,-1.368858,-11.861768,2,263685,2,215.694536173,37.995250695,-22.041338
1237661872407576591,1546996419330598912,10914,197.676450176,44.024383056,-22.034073,48487433837.36746,0.036925222,0.0,10.96986,0.1874046,-10.7824554,1,278989,1,197.676450176,44.024383056,-22.034073
1237662193989582996,1634892478853179392,11129,184.87505706,41.884098427,-18.97758,2904236638.6445875,0.038211225,5.236251609805056,9.060438,-0.4281921,-9.4886301,2,251942,4,184.974455003,41.845814633,-21.959151
1237662301376872719,1903984208339036160,10324,251.579360024,26.722159461,-19.71297,5717260753.240419,0.035601728,15.215072079542225,9.127062,-0.04814258,-9.17520458,2,318061,4,251.681236818,26.946603922,-22.337421
1237659326562304351,1316288362839042048,10218,239.243362507,46.364126417,-20.710185,14324319524.187551,0.040651323,2.8521029029524434,10.46145,-1.455618,-11.917068,3,237009,3,239.183983286,46.344610795,-22.204892
1237661387602919620,1487485622003197952,9790,206.52248753,55.876947774,-20.524709,12074901591.277405,0.040506853,10.158123477134078,10.36785,-1.215847,-11.583697,3,231196,3,206.511630181,55.715391463,-22.222803
1237661387602985091,1489656058510075904,9790,206.788848742,55.98597693,-20.124351,8351036848.695752,0.040596135,19.612476916622647,9.704643,0.02012726,-9.68451574,4,231196,4,206.511630181,55.715391463,-22.222803
1237662193989582993,1632568386284185600,11129,184.873837348,41.914052625,-19.434654,4424473517.553136,0.038361159,6.367006136435722,9.832049,-1.595835,-11.427884,3,251942,3,184.974455003,41.845814633,-21.959151
1237662499475489129,1903979810292525056,10324,251.405228262,26.981033258,-21.597129,32422880825.847435,0.036001524,15.607559736643015,10.83594,-0.7678658,-11.6038058,3,318061,2,251.681236818,26.946603922,-22.337421
1237662306189836510,1553743572451223552,10955,215.843311861,37.857424007,-19.522513,4797391927.319335,0.027815728,11.373824435403307,9.347853,-0.5969663,-9.9448193,4,263685,3,215.694536173,37.995250695,-22.041338
1237662301913546775,1902818179864881152,10324,251.481910406,27.25539313,-21.10271,20562882789.37541,0.035755407,22.376968127584917,10.70464,-1.491853,-12.196493,4,318061,3,251.681236818,26.946603922,-22.337421
1237662194536874012,1553749619765176320,10955,215.67355075,38.030758643,-19.183972,3512277325.533832,0.028891735,2.4610372142868724,9.49991,-0.3445832,-9.8444932,3,263685,4,215.694536173,37.995250695,-22.041338
1237662223535374440,2287956218058139648,10497,198.712612151,38.03775253,-21.960572,45313624346.32912,0.045121657,0.0,10.77687,-0.3158244,-11.0926944,1,573361,1,198.712612151,38.03775253,-21.960572
1237662685216636964,2288980132574029824,11021,208.404796634,35.688260022,-20.906842,17168675806.947636,0.040424424,8.799819655315483,10.54506,-1.384447,-11.929507,3,363001,2,208.296626641,35.579238184,-21.843218
1237662499475554415,4712061076438183936,10324,251.681236818,26.946603922,-22.337421,64116292279.07316,0.035873903,0.0,,,,1,318061,1,251.681236818,26.946603922,-22.337421
1237664293684445268,2287955393424418816,10497,198.662516575,38.172416323,-20.496055,11760397470.519346,0.045515392,8.816231482187273,10.17756,-0.4063019,-10.5838619,3,573361,3,198.712612151,38.03775253,-21.960572
1237662697040183439,2086349761811605504,10913,244.603036644,20.890022112,-21.534332,30600801378.408913,0.032340154,11.87006689720465,10.89663,-1.448678,-12.345308,3,371568,2,244.530697995,21.066452965,-21.840742
1237662697040183695,2086328871090677760,10913,244.628512408,20.879236016,-19.221338,3635257674.773271,0.032542094,13.088361483818677,9.442821,-0.5720719,-10.0148929,4,371568,4,244.530697995,21.066452965,-21.840742
1237664668436398093,2359989616649463808,10843,158.387322947,36.706776575,-22.018287,47787553804.060005,0.045146712,0.0,10.98999,-1.317129,-12.307119,1,322815,1,158.387322947,36.706776575,-22.018287
1237664668436398189,2221443729611319296,10843,158.374655946,36.69567126,-19.120025,3311387461.4621387,0.045188767,0.9455535465173676,9.630564,-2.044834,-11.675398,2,322815,4,158.387322947,36.706776575,-22.018287
1237665531713814595,2404970638147086336,11108,218.618241851,23.303601654,-21.995011,46773988011.1046,0.03958649,0.0,10.97575,-1.28412,-12.25987,1,334713,1,218.618241851,23.303601654,-21.995011
1237661353244557397,1481789602451712000,10423,186.521245801,57.652213024,-19.588562,5098293107.435733,0.044126887,10.332298323055046,9.879648,-0.5672165,-10.4468645,4,116793,4,186.735739179,57.770167542,-22.153464
1237663788493635962,2106686050947590144,11198,121.45542012,55.311743629,-19.646368,5377088692.308583,0.034241565,12.778685146760736,9.675072,-0.263844,-9.938916,3,371647,3,121.664743249,55.147084358,-21.809984
1237665179521187864,2393673985838573568,9578,214.525794411,28.866258316,-19.900583,6795684376.658111,0.044154399,0.6307623292107698,10.08385,-1.350629,-11.434479,2,387365,4,214.514332371,28.866402214,-22.377063
1237663917340950801,2106689349482473472,11198,121.442698045,55.101523512,-18.865472,2619321453.292513,0.033888503,8.475520696218299,9.726141,-1.859447,-11.585588,2,371647,4,121.664743249,55.147084358,-21.809984
1237664853641461771,2288989203544958976,11021,208.296626641,35.579238184,-21.843218,40671220002.266525,0.040410912,0.0,10.76402,-0.6270924,-11.3911124,1,363001,1,208.296626641,35.579238184,-21.843218
1237665015240523906,2364461609797052416,9869,170.063057499,33.228256204,-20.344262,10225976727.150948,0.044000781,9.797773494856868,10.11195,-0.1786656,-10.2906156,2,523224,2,169.976403797,33.090220844,-22.48436
1237665015240589418,2372445714706884608,9869,170.269403133,33.227869081,-19.68897,5592268308.190503,0.043897967,17.672641963908855,9.967389,-0.8894741,-10.8568631,4,523224,4,169.976403797,33.090220844,-22.48436
1237664853641461874,2288979307940308992,11021,208.371287895,35.44825977,-20.612731,13094604926.893076,0.040615484,9.07232670729166,10.47519,-0.6624939,-11.1376839,4,363001,3,208.296626641,35.579238184,-21.843218
1237663788493635946,2106687700215031808,11198,121.417273177,55.319607897,-20.973532,18256301523.55458,0.033373242,14.004321357848433,10.65368,0.4666195,-10.1870605,4,371647,2,121.664743249,55.147084358,-21.809984
1237664887463346414,2086331344991840256,10913,244.530697995,21.066452965,-21.840742,40578575764.07562,0.031900297,0.0,11.12958,-0.1828041,-11.3123841,1,371568,1,244.530697995,21.066452965,-21.840742
1237664887463411913,2086332719381374976,10913,244.582255445,21.125637298,-19.758428,5961714852.712069,0.032415888,4.791968411712855,9.573237,-0.1295,-9.702737,2,371568,3,244.530697995,21.066452965,-21.840742
1237663917341016282,2106694847040612352,11198,121.664743249,55.147084358,-21.809984,39445148918.04865,0.033233694,0.0,10.99287,-0.8828501,-11.8757201,1,371647,1,121.664743249,55.147084358,-21.809984
1237664835934814435,2191057076510287872,11153,146.681592044,30.610052867,-20.105745,8209146384.095814,0.03420241,3.3579353841329285,9.752666,-0.5810255,-10.3336915,2,385686,2,146.644760695,30.653085365,-22.057533
1237664835934814390,2191060924800985088,11153,146.644760695,30.653085365,-22.057533,49546524980.7794,0.034068735,0.0,10.65665,0.2252997,-10.4313503,1,385686,1,146.644760695,30.653085365,-22.057533
1237665179521056969,2393827092832741376,9578,214.194706828,28.911999271,-19.943777,7071487857.813781,0.042971623,17.815353659802813,9.945629,-0.7197835,-10.6654125,4,387365,3,214.514332371,28.866402214,-22.377063
1237665179521187863,7314995990196056064,9578,214.514332371,28.866402214,-22.377063,66500544304.20105,0.042970367,0.0,,,,1,387365,1,214.514332371,28.866402214,-22.377063
1237664878341062790,2191035910911453184,11153,146.821609962,30.582893251,-19.521187,4791536491.419193,0.034549481,10.530612962177564,9.697658,-0.5002413,-10.1978993,3,385686,4,146.644760695,30.653085365,-22.057533
1237665355084005428,1505343065278146560,9774,245.837747666,37.258412755,-22.534811,76899656522.46783,0.033947347,0.0,11.19512,-1.010395,-12.205514999999998,1,389178,1,245.837747666,37.258412755,-22.534811
1237665329311514762,2260895032137508864,10027,174.379041427,31.362327965,-22.526331,76301381273.53088,0.043330574,0.0,10.65414,0.9112576,-9.7428824,1,390639,1,174.379041427,31.362327965,-22.526331
1237664835934748855,2191070270649821184,11153,146.444826175,30.604800552,-19.588567,5098316585.997215,0.033846076,11.227295010532725,9.484913,-0.3054007,-9.7903137,4,385686,3,146.644760695,30.653085365,-22.057533
1237665531723514265,2472496320804317184,11562,240.979019456,16.12364118,-19.701216,5655700458.969101,0.032628485,7.769685671757865,9.440617,-0.2101561,-9.6507731,4,406234,3,240.991597983,16.00057498,-21.860901
1237665531713814551,2404971187902900224,11108,218.59029866,23.305489082,-21.18926,22269168429.210533,0.039460902,1.6168368643280155,10.66852,-1.110187,-11.778707,2,334713,2,218.618241851,23.303601654,-21.995011
1237665531713814804,2404963766199412736,11108,218.706628358,23.292631955,-19.584293,5078286515.47972,0.039478035,5.147011038436767,10.37114,-0.124914,-10.496054,4,334713,4,218.618241851,23.303601654,-21.995011
1237665548900958660,2473651083243710464,11562,240.991597983,16.00057498,-21.860901,41339041241.11639,0.032299138,0.0,10.81618,-0.8701571,-11.6863371,1,406234,1,240.991597983,16.00057498,-21.860901
1237667254016278711,2513027622854748160,11305,186.276571024,29.818985605,-19.515549,4766719539.487387,0.042190578,2.0954061609478267,9.48142,-0.2932158,-9.7746358,2,430229,4,186.24003011,29.829339971,-21.813434
1237665355084005737,1505342790400239616,9774,245.812690489,37.311850393,-19.554955,4942901999.4785185,0.033495846,3.583639136980462,9.82069,-0.8864071,-10.7070971,3,389178,4,245.837747666,37.258412755,-22.534811
1237664668436398224,2221429435960158208,10843,158.450343521,36.728612875,-21.305526,24786225699.73076,0.046036735,3.4579010031370374,10.75534,-1.538811,-12.294151,3,322815,2,158.387322947,36.706776575,-22.018287
1237664846121730104,2287957867325581312,10497,198.532283543,37.909887114,-19.283705,3850188566.516782,0.045238933,12.013314087918236,9.793362,-1.989649,-11.783011,4,573361,4,198.712612151,38.03775253,-21.960572
1237665355083940130,1505340316499077120,9774,245.824173323,37.215540124,-20.881482,16772306879.409227,0.033167829,2.778031545716378,9.997058,0.1867449,-9.8103131,2,389178,2,245.837747666,37.258412755,-22.534811
1237664870822772966,1433273930159777792,10757,139.464982525,33.974332746,-21.957599,45189714754.915886,0.043643885,0.0,11.04547,-1.515913,-12.561383,1,420044,1,139.464982525,33.974332746,-21.957599
1237667254016278565,2513027073098934272,11305,186.24003011,29.829339971,-21.813434,39570687887.09607,0.04242825,0.0,11.0197,-1.444962,-12.464662,1,430229,1,186.24003011,29.829339971,-21.813434
1237668289621197082,2917337020214831104,10427,156.764601719,18.129101779,-20.501417,11818620839.445534,0.042939706,3.943136187171157,9.607869,0.2911901,-9.3166789,3,478943,2,156.809312339,18.082923129,-22.265472
1237665531723514229,2473656855679756288,11562,240.934576949,16.074758232,-19.91708,6899728470.492625,0.032140634,5.794987866463207,9.90285,-1.171616,-11.074466,3,406234,2,240.991597983,16.00057498,-21.860901
1237667551956435111,2802455642550331392,10074,166.36722394,25.01655424,-22.014633,47626997106.02134,0.044444358,14.260931274460036,10.93884,-0.5436066,-11.4824466,4,468695,2,166.256515005,24.813000906,-22.103879
1237665329311580293,2260881837997975552,10027,174.586320855,31.324275743,-20.386784,10634414894.157606,0.043735952,11.3771966498733,10.2354,0.4082662,-9.8271338,3,390639,2,174.379041427,31.362327965,-22.526331
1237665329311580311,2222527298286938112,10027,174.612357899,31.336233391,-19.557602,4954967382.931457,0.043848067,12.62646094049216,9.422273,-0.1759661,-9.5982391,4,390639,4,174.379041427,31.362327965,-22.526331
1237665567691965133,2473656305923942400,11562,240.929173522,15.94840007,-19.386993,4234451861.084021,0.032754367,4.996570118128431,9.807324,-1.771623,-11.578947,2,406234,4,240.991597983,16.00057498,-21.860901
1237667211059986461,2493926081652877312,10767,168.570745774,28.558273624,-21.944732,44657334766.54213,0.035380029,0.0,10.97582,-0.6512316,-11.6270516,1,453905,1,168.570745774,28.558273624,-21.944732
1237667966957519065,3142482099068495872,10929,222.953558717,19.954275999,-21.584143,32037395307.675148,0.044070806,9.427330145861324,10.92973,-2.073755,-13.003485,4,555125,2,223.045942503,20.076657725,-21.869979
1237667549272539209,2802369605765457920,10581,167.861845843,22.970784009,-22.200201,56504157005.64678,0.033326046,0.0,11.19507,-1.478214,-12.673284,1,456880,1,167.861845843,22.970784009,-22.200201
1237664853641462227,2288992227201935360,11021,208.32187341,35.49142899,-19.017731,3013647136.1195216,0.040797335,5.6662142509568305,8.895717,-0.5872726,-9.4829896,2,363001,4,208.296626641,35.579238184,-21.843218
1237668349218390261,2832829657710094336,11076,234.914772389,11.129246067,-19.565617,4991680731.093623,0.04469802,1.860873893383336,9.99643,-1.198052,-11.194482,2,549025,3,234.904229077,11.156997481,-21.851303
1237664870822772913,1433275854305126400,10757,139.435040596,34.052805115,-19.50334,4713418477.527556,0.043259651,5.1712928778370495,9.932925,-1.067385,-11.00031,4,420044,4,139.464982525,33.974332746,-21.957599
1237664870822772925,1433272006014429184,10757,139.43666858,34.00210077,-21.33033,25358992777.276424,0.043329167,2.284707294487553,10.80405,-1.453236,-12.257286,2,420044,2,139.464982525,33.974332746,-21.957599
1237667253472591986,2493939825548224512,10767,168.461697397,28.5188327,-19.699531,5646929945.318893,0.035331155,6.509375905495236,9.894344,-1.024321,-10.918665,3,453905,4,168.570745774,28.558273624,-21.944732
1237667253472591937,2493939275792410624,10767,168.365844461,28.407887315,-20.108457,8229677184.368727,0.035316088,14.742323906646837,10.28356,-1.569633,-11.853193,4,453905,3,168.570745774,28.558273624,-21.944732
1237665565541924998,3132410848039954432,10693,234.477661709,16.311783617,-22.006464,47269999749.34353,0.043324472,0.0,10.88094,0.267412,-10.613528,1,462533,1,234.477661709,16.311783617,-22.006464
1237667211060051979,2491633325014280192,10767,168.6214454,28.624365078,-20.832488,16032276710.650694,0.035993616,5.006815930402172,10.40322,-1.576148,-11.979368,2,453905,2,168.570745774,28.558273624,-21.944732
1237670965392703635,2917338394604365824,10427,156.823923003,17.959394252,-20.15569,8595596096.87506,0.042978686,7.81048807092524,9.878436,-0.1136111,-9.9920471,4,478943,3,156.809312339,18.082923129,-22.265472
1237667910049464459,2802365757474760704,10581,167.871976596,22.906385353,-19.250519,3734286202.420888,0.033267863,4.088528670283879,9.501868,-0.573477,-10.075345,2,456880,4,167.861845843,22.970784009,-22.200201
1237667912733294683,2802457841573586944,10074,166.256515005,24.813000906,-22.103879,51707268947.86668,0.044210744,0.0,11.03912,-0.6492396,-11.6883596,1,468695,1,166.256515005,24.813000906,-22.103879
1237667912733294659,2802453718404982784,10074,166.23018181,24.781169616,-21.135833,21199870107.68257,0.044980631,2.5012220761727435,10.35009,0.2795193,-10.0705707,3,468695,3,166.256515005,24.813000906,-22.103879
1237668496314662949,2800270912862054400,10806,166.134108065,17.127914627,-21.973547,45858389639.254166,0.044582765,0.0,10.8259,-0.2690118,-11.0949118,1,472213,1,166.134108065,17.127914627,-21.973547
1237668496314663169,2800288505048098816,10806,166.112004723,17.036215866,-19.655751,5423759202.425544,0.044632289,5.912562751231177,9.254015,-0.1937498,-9.447764800000002,3,472213,4,166.134108065,17.127914627,-21.973547
1237674648847450200,310816576037218304,10247,162.900580454,-1.087878301,-22.216008,57332806307.556206,0.039515349,0.0,10.953,-1.061266,-12.014266,1,474075,1,162.900580454,-1.087878301,-22.216008
1237667322172211267,2644755161615984640,11278,157.14419993,23.86808564,-19.454242,4505020794.937028,0.039063469,13.265040222876666,9.487761,-0.3803459,-9.8681069,4,477772,3,157.317751637,23.728960487,-21.96576
1237667429026955403,7234070284604207104,11278,157.317751637,23.728960487,-21.96576,45530665685.59735,0.039174588,0.0,,,,1,477772,1,157.317751637,23.728960487,-21.96576
1237667429026955404,2644751313325287424,11278,157.32710134,23.718531335,-19.189755,3531034818.2164164,0.038452786,0.8477277267806699,9.282084,-0.2428571,-9.5249411,2,477772,4,157.317751637,23.728960487,-21.96576
1237671123220103629,1979445612545861632,10574,127.051341165,8.647331485,-21.769548,38003115360.83365,0.045081028,7.595494204403993,10.88957,0.02748013,-10.86208987,3,478030,2,127.136810682,8.733790593,-21.960596
1237671123220168862,1979447261813303296,10574,127.136810682,8.733790593,-21.960596,45314626006.7686,0.045072988,0.0,10.9834,-1.24246,-12.22586,1,478030,1,127.136810682,8.733790593,-21.960596
1237668289621196919,2917335920703203328,10427,156.809312339,18.082923129,-22.265472,60005187895.48483,0.042782293,0.0,11.05825,-1.200386,-12.258636,1,478943,1,156.809312339,18.082923129,-22.265472
1237668289621197071,2917336470459017216,10427,156.75301615,18.085551024,-19.549215,4916839139.056916,0.042836767,3.36651221768833,9.316831,-0.1550563,-9.4718873,2,478943,4,156.809312339,18.082923129,-22.265472
1237667254016278686,2513028722366375936,11305,186.216666169,29.914540291,-19.587982,5095570327.894098,0.042016956,5.5025620575519625,9.306328,-0.1073453,-9.4136733,4,430229,2,186.24003011,29.829339971,-21.813434
1237668349210984599,3092888621678618624,10673,217.885716409,14.501822878,-19.054045,3116147453.9331646,0.042176864,10.63676805470923,9.249636,-0.6003236,-9.8499596,4,564357,4,217.71086105,14.503192261,-21.918158
1237665531713814706,2405059698588936192,11108,218.621300774,23.375707391,-20.033973,7684032622.723403,0.039863622,4.533972659345007,10.04277,-0.2921402,-10.3349102,3,334713,3,218.618241851,23.303601654,-21.995011
1237667910586335349,2802384174294525952,10581,167.830392273,23.200456129,-19.375223,4188795902.0953903,0.033694476,14.544793881254822,9.480914,-0.6494933,-10.1304073,4,456880,3,167.861845843,22.970784009,-22.200201
1237667429026955516,2644750488691566592,11278,157.317622563,23.745911871,-19.621221,5253979815.493649,0.037969904,1.0651127403348477,9.400273,-0.2366047,-9.6368777,3,477772,2,157.317751637,23.728960487,-21.96576
1237668349760372834,2850823721092933632,10485,246.554609074,8.723094339,-19.455664,4510924933.039977,0.034209244,23.94482123010689,9.557149,-0.3579819,-9.9151309,4,521920,4,246.751175967,9.050990826,-22.163075
1237668270843953463,5868428734541524992,10485,246.636588913,8.776781937,-20.735065,14656355818.461912,0.034636232,18.63951507724157,,,,3,521920,2,246.751175967,9.050990826,-22.163075
1237667910049529919,2802369880643364864,10581,168.005111757,22.971523165,-19.829477,6364888498.629082,0.033999697,8.287973897203715,9.68699,-0.3518181,-10.0388081,3,456880,2,167.861845843,22.970784009,-22.200201
1237671123220168924,1979442314010978304,10574,127.156247626,8.717081757,-20.399888,10763541757.136572,0.044867577,1.5997906339839596,10.28066,-1.698363,-11.979023,2,478030,3,127.136810682,8.733790593,-21.960596
1237665565541859681,3132410023406233600,10693,234.447382087,16.282259137,-20.236231,9257471847.304026,0.042816789,2.6030531411900326,10.18266,-1.461873,-11.644533,2,462533,3,234.477661709,16.311783617,-22.006464
1237668310021898820,2850902885930133504,10485,246.572395532,8.98930255,-20.039364,7722280986.213451,0.034397708,11.751778957425874,9.670843,-0.08811355,-9.75895655,2,521920,3,246.751175967,9.050990826,-22.163075
1237668310021964289,2850903160808040448,10485,246.751175967,9.050990826,-22.163075,54604696803.97759,0.034305185,0.0,11.20129,-1.442591,-12.643881,1,521920,1,246.751175967,9.050990826,-22.163075
1237665015240458268,2364476178326120448,9869,169.976403797,33.090220844,-22.48436,73408102788.60916,0.043695276,0.0,9.250072,-0.6760494,-9.9261214,1,523224,1,169.976403797,33.090220844,-22.48436
1237665015240589399,2364462434430773248,9869,170.233044587,33.084305385,-20.059234,7864907152.177624,0.044578498,13.515461076428627,10.08337,-0.8200571,-10.9034271,3,523224,3,169.976403797,33.090220844,-22.48436
1237674479735013541,685824815113725952,10908,223.896821064,63.090719394,-20.515947,11977848067.68201,0.042444913,7.093371916793451,10.28765,-0.7908239,-11.0784739,2,43905,2,223.702658703,63.019976295,-21.891069
1237667966957584513,3141291877714651136,10929,222.965375341,19.950148754,-21.015351,18973191930.15871,0.043464187,9.263234484309184,10.59282,-0.3363647,-10.9291847,3,555125,3,223.045942503,20.076657725,-21.869979
1237674290756583782,1003299730773534720,10883,120.753693214,35.159134066,-21.335692,25484540063.9025,0.034285222,14.839107721906975,10.80568,-1.331716,-12.137396,4,554879,2,120.935409034,35.342862415,-21.865866
1237674603216634080,341182058606913536,9765,213.603414601,-0.829346301,-19.649675,5393491516.9815445,0.040459039,9.592643478510992,9.557896,-0.1878108,-9.7457068,3,559558,4,213.752623869,-0.796946989,-22.200554
1237674599462273202,1382641690132637696,10990,180.553579971,9.066811852,-19.033242,3057009582.02566,0.035014929,9.352772889098736,9.219453,-0.4700564,-9.6895094,4,555175,4,180.613115199,8.930064707,-21.853953
1237665179521187909,2393838362826926080,9578,214.577141764,28.968318742,-22.197547,56366205543.89501,0.042812289,7.275912057281208,10.90285,-0.09882627,-11.00167627,3,387365,2,214.514332371,28.866402214,-22.377063
1237667254016278705,2515345118421084160,11305,186.271310583,29.808816417,-19.545359,4899407921.090513,0.041181155,2.1378883981961994,9.965709,-0.6564923,-10.6222013,3,430229,3,186.24003011,29.829339971,-21.813434
1237668349218390247,2832828008442652672,11076,234.919746578,11.219176289,-20.540578,12252683066.576092,0.044151015,4.0221866846934144,10.04902,0.1235789,-9.9254411,3,549025,2,234.904229077,11.156997481,-21.851303
1237665329311514810,2260879364096813056,10027,174.409754219,31.353307428,-20.107254,8220563719.377908,0.043699824,1.742618496052748,9.588666,0.1400001,-9.4486659,2,390639,3,174.379041427,31.362327965,-22.526331
1237674290756583895,1003321171250276352,10883,120.839390809,35.134245957,-20.803985,15616870176.128582,0.034659099,14.003338483983304,10.20373,-0.09953551,-10.30326551,3,554879,3,120.935409034,35.342862415,-21.865866
1237668496314663045,2800284931635308544,10806,166.127953552,17.085668018,-20.130827,8400996426.992875,0.044012605,2.680039316146108,9.553067,0.04356585,-9.50950115,2,472213,3,166.134108065,17.127914627,-21.973547
1237668332034392412,2832828283320559616,11076,234.964267685,11.270591606,-18.870884,2632410412.601347,0.044920533,8.039515577554104,9.249562,-0.6865758,-9.9361378,4,549025,4,234.904229077,11.156997481,-21.851303
1237671129130074248,1382640865498916864,10990,180.66462507,8.940033449,-20.786473,15367003847.19863,0.035877938,3.257962612646026,10.64115,-0.7703233,-11.4114733,2,555175,3,180.613115199,8.930064707,-21.853953
1237668349218390048,2832829932588001280,11076,234.904229077,11.156997481,-21.851303,40975211129.434456,0.044896354,0.0,11.0996,-1.168438,-12.268038,1,549025,1,234.904229077,11.156997481,-21.851303
1237674368067829775,1003322270761904128,10883,120.935409034,35.342862415,-21.865866,41528514843.06852,0.034170963,0.0,10.87086,-1.176244,-12.047104,1,554879,1,120.935409034,35.342862415,-21.865866
1237665565541925108,3132408099260884992,10693,234.52308804,16.372140746,-19.470697,4573817164.862598,0.043042458,4.677984577485883,9.565931,-0.4490276,-10.014958600000002,3,462533,4,234.477661709,16.311783617,-22.006464
1237665566073749555,3142485397603379200,10929,223.045942503,20.076657725,-21.869979,41686132057.95952,0.044281022,0.0,10.90457,-1.376623,-12.281193,1,555125,1,223.045942503,20.076657725,-21.869979
1237665566073749695,3141292977226278912,10929,223.058345386,20.09569442,-19.139045,3369907653.9339566,0.044131657,1.402267615933438,9.584412,-0.8770187,-10.4614307,2,555125,4,223.045942503,20.076657725,-21.869979
1237674599462207503,1382641140376823808,10990,180.613115199,8.930064707,-21.853953,41075343122.764694,0.035789226,0.0,10.9255,-1.249293,-12.174793,1,555175,1,180.613115199,8.930064707,-21.853953
1237674599462273168,1382642514766358528,10990,180.599359239,8.984622855,-20.872186,16629316531.908066,0.03572787,3.5327097879108686,10.59563,-1.300059,-11.895689,3,555175,2,180.613115199,8.930064707,-21.853953
1237674602140139550,596759145332369408,11078,208.046532431,2.099163045,-20.108716,8231640590.058176,0.033452384,10.655400641956913,9.670757,-0.1189125,-9.7896695,3,35939,3,208.117291532,1.945024189,-21.875236
1237674290756583884,1003298356384000000,10883,120.825454395,35.147180561,-19.31928,3978432554.8681927,0.034709562,13.527865095053777,9.835494,-0.656546,-10.49204,2,554879,4,120.935409034,35.342862415,-21.865866
1237674603216633993,341183982752262144,9765,213.752623869,-0.796946989,-22.200554,56522530907.293846,0.039316906,0.0,11.13641,-1.254345,-12.390755,1,559558,1,213.752623869,-0.796946989,-22.200554
1237674603216699610,341175186659239936,9765,213.785750473,-0.782990081,-20.454945,11323430008.281662,0.038886365,2.2584171484971054,10.21569,-0.5392457,-10.7549357,2,559558,3,213.752623869,-0.796946989,-22.200554
1237674648847450346,310817125793032192,10247,162.910024691,-1.126179847,-21.299873,24657508982.210537,0.039322997,2.4786100839231273,10.62606,0.08761248,-10.53844752,2,474075,2,162.900580454,-1.087878301,-22.216008
1237671260122055017,1979447536691210240,10574,127.127132425,8.516947018,-19.71194,5711839559.589635,0.045259793,13.637942502675314,9.762287,-0.5251172,-10.2874042,4,478030,4,127.136810682,8.733790593,-21.960596
1237668336321036598,3132408923894605824,10693,234.513654677,16.401508059,-21.107136,20646878399.746105,0.042876884,6.040761285703957,10.63776,-1.165286,-11.803046,4,462533,2,234.477661709,16.311783617,-22.006464
1237668349210853684,3092896043382106112,10673,217.71086105,14.503192261,-21.918158,43577589146.880745,0.041278068,0.0,10.58785,0.5133579,-10.0744921,1,564357,1,217.71086105,14.503192261,-21.918158
1237668349210919183,3092886972411176960,10673,217.850265051,14.596054047,-20.968821,18177259195.17411,0.040819016,10.29183478501995,10.48547,0.05089979,-10.43457021,3,564357,3,217.71086105,14.503192261,-21.918158
1237674649384386795,310818500182566912,10247,162.94905038,-0.838985236,-19.423393,4378821078.526116,0.039786105,15.932109284925708,9.395709,-0.173125,-9.568834,4,474075,4,162.900580454,-1.087878301,-22.216008
1237662223535374354,2287956767813953536,10497,198.759215055,38.085776978,-21.930871,44090842751.31413,0.045384053,3.797403072208409,10.98957,-1.505514,-12.495084,2,573361,2,198.712612151,38.03775253,-21.960572
1237667912733294684,2802458116451493888,10074,166.2763829,24.797183151,-20.843137,16190296416.064856,0.044693826,1.5072555065962845,10.44291,-1.260085,-11.702995,2,468695,4,166.256515005,24.813000906,-22.103879
1237674479735013527,685841857543956480,10908,223.897997659,63.118253145,-19.361537,4136326382.128152,0.042560192,8.308453960421174,9.680744,-0.4159509,-10.0966949,3,43905,4,223.702658703,63.019976295,-21.891069
1237668331490050131,3092892195091408896,10673,217.756405048,14.418278061,-21.371842,26347341465.517216,0.041188261,6.0119707637319095,10.2493,0.4360842,-9.8132158,2,564357,2,217.71086105,14.503192261,-21.918158
1237668496314597534,2800256344332986368,10806,166.021672915,17.124950228,-20.461501,11392011114.29042,0.044770327,6.753817905947148,10.03037,-0.06739397,-10.09776397,4,472213,2,166.134108065,17.127914627,-21.973547
1237664668436398267,2221431909861320704,10843,158.522913228,36.736479682,-20.657119,13641043693.1354,0.045423311,7.079154651926791,10.43838,-0.2768249,-10.7152049,4,322815,3,158.387322947,36.706776575,-22.018287
1237674479735013407,685842132421863424,10908,223.935426229,63.119820806,-19.651656,5403341294.382333,0.042874992,9.123067724879265,9.992251,-0.339201,-10.331452,4,43905,3,223.702658703,63.019976295,-21.891069
